{
    "a8-1.grenoble.iot-lab.info": "b564", 
    "a8-1.strasbourg.iot-lab.info": "9355", 
    "a8-10.grenoble.iot-lab.info": "a963", 
    "a8-10.strasbourg.iot-lab.info": "a656", 
    "a8-100.grenoble.iot-lab.info": "3185", 
    "a8-100.rocquencourt.iot-lab.info": "a866", 
    "a8-101.grenoble.iot-lab.info": "2587", 
    "a8-101.rocquencourt.iot-lab.info": "9566", 
    "a8-102.grenoble.iot-lab.info": "9762", 
    "a8-102.rocquencourt.iot-lab.info": "a752", 
    "a8-103.grenoble.iot-lab.info": "2885", 
    "a8-103.rocquencourt.iot-lab.info": "9853", 
    "a8-104.grenoble.iot-lab.info": "b265", 
    "a8-104.rocquencourt.iot-lab.info": "b767", 
    "a8-105.grenoble.iot-lab.info": "b161", 
    "a8-105.rocquencourt.iot-lab.info": "9766", 
    "a8-106.grenoble.iot-lab.info": "b260", 
    "a8-106.rocquencourt.iot-lab.info": "a464", 
    "a8-107.grenoble.iot-lab.info": "c165", 
    "a8-107.rocquencourt.iot-lab.info": "9655", 
    "a8-108.grenoble.iot-lab.info": "b865", 
    "a8-108.rocquencourt.iot-lab.info": "9967", 
    "a8-109.grenoble.iot-lab.info": "3684", 
    "a8-109.rocquencourt.iot-lab.info": "b667", 
    "a8-11.grenoble.iot-lab.info": "b163", 
    "a8-11.rocquencourt.iot-lab.info": "a166", 
    "a8-11.strasbourg.iot-lab.info": "a256", 
    "a8-110.rocquencourt.iot-lab.info": "a552", 
    "a8-111.grenoble.iot-lab.info": "a858", 
    "a8-111.rocquencourt.iot-lab.info": "9852", 
    "a8-112.grenoble.iot-lab.info": "a059", 
    "a8-112.rocquencourt.iot-lab.info": "a551", 
    "a8-113.grenoble.iot-lab.info": "9759", 
    "a8-113.rocquencourt.iot-lab.info": "b566", 
    "a8-114.grenoble.iot-lab.info": "9362", 
    "a8-114.rocquencourt.iot-lab.info": "a163", 
    "a8-115.grenoble.iot-lab.info": "a751", 
    "a8-115.rocquencourt.iot-lab.info": "8465", 
    "a8-116.grenoble.iot-lab.info": "b359", 
    "a8-117.grenoble.iot-lab.info": "9060", 
    "a8-117.rocquencourt.iot-lab.info": "a952", 
    "a8-118.grenoble.iot-lab.info": "9059", 
    "a8-118.rocquencourt.iot-lab.info": "9154", 
    "a8-119.grenoble.iot-lab.info": "a764", 
    "a8-119.rocquencourt.iot-lab.info": "b054", 
    "a8-12.grenoble.iot-lab.info": "9461", 
    "a8-12.rocquencourt.iot-lab.info": "9463", 
    "a8-12.strasbourg.iot-lab.info": "9155", 
    "a8-120.grenoble.iot-lab.info": "9959", 
    "a8-120.rocquencourt.iot-lab.info": "8566", 
    "a8-121.grenoble.iot-lab.info": "b360", 
    "a8-122.grenoble.iot-lab.info": "9062", 
    "a8-122.rocquencourt.iot-lab.info": "9665", 
    "a8-123.grenoble.iot-lab.info": "b960", 
    "a8-123.rocquencourt.iot-lab.info": "a465", 
    "a8-124.grenoble.iot-lab.info": "c066", 
    "a8-124.rocquencourt.iot-lab.info": "9365", 
    "a8-125.grenoble.iot-lab.info": "9562", 
    "a8-125.rocquencourt.iot-lab.info": "b366", 
    "a8-126.grenoble.iot-lab.info": "b760", 
    "a8-126.rocquencourt.iot-lab.info": "b365", 
    "a8-127.grenoble.iot-lab.info": "b559", 
    "a8-127.rocquencourt.iot-lab.info": "a354", 
    "a8-128.grenoble.iot-lab.info": "a659", 
    "a8-128.rocquencourt.iot-lab.info": "9952", 
    "a8-129.grenoble.iot-lab.info": "9063", 
    "a8-129.rocquencourt.iot-lab.info": "a654", 
    "a8-13.grenoble.iot-lab.info": "a467", 
    "a8-13.rocquencourt.iot-lab.info": "b967", 
    "a8-13.strasbourg.iot-lab.info": "9555", 
    "a8-130.grenoble.iot-lab.info": "b864", 
    "a8-131.grenoble.iot-lab.info": "a563", 
    "a8-131.rocquencourt.iot-lab.info": "a766", 
    "a8-132.grenoble.iot-lab.info": "b266", 
    "a8-132.rocquencourt.iot-lab.info": "a867", 
    "a8-133.grenoble.iot-lab.info": "8563", 
    "a8-133.rocquencourt.iot-lab.info": "9158", 
    "a8-134.grenoble.iot-lab.info": "9565", 
    "a8-134.rocquencourt.iot-lab.info": "9364", 
    "a8-135.grenoble.iot-lab.info": "9353", 
    "a8-135.rocquencourt.iot-lab.info": "8565", 
    "a8-136.grenoble.iot-lab.info": "9263", 
    "a8-136.rocquencourt.iot-lab.info": "c267", 
    "a8-137.grenoble.iot-lab.info": "b664", 
    "a8-137.rocquencourt.iot-lab.info": "9552", 
    "a8-138.grenoble.iot-lab.info": "9963", 
    "a8-138.rocquencourt.iot-lab.info": "a763", 
    "a8-139.grenoble.iot-lab.info": "a264", 
    "a8-139.rocquencourt.iot-lab.info": "a767", 
    "a8-14.grenoble.iot-lab.info": "2990", 
    "a8-14.rocquencourt.iot-lab.info": "8857", 
    "a8-14.strasbourg.iot-lab.info": "9656", 
    "a8-140.rocquencourt.iot-lab.info": "a553", 
    "a8-141.grenoble.iot-lab.info": "b962", 
    "a8-141.rocquencourt.iot-lab.info": "9057", 
    "a8-142.grenoble.iot-lab.info": "b467", 
    "a8-142.rocquencourt.iot-lab.info": "9465", 
    "a8-143.grenoble.iot-lab.info": "a052", 
    "a8-143.rocquencourt.iot-lab.info": "9666", 
    "a8-144.grenoble.iot-lab.info": "b867", 
    "a8-144.rocquencourt.iot-lab.info": "a253", 
    "a8-145.grenoble.iot-lab.info": "a250", 
    "a8-145.rocquencourt.iot-lab.info": "a265", 
    "a8-146.grenoble.iot-lab.info": "9162", 
    "a8-146.rocquencourt.iot-lab.info": "b067", 
    "a8-147.grenoble.iot-lab.info": "8864", 
    "a8-147.rocquencourt.iot-lab.info": "9254", 
    "a8-148.grenoble.iot-lab.info": "9363", 
    "a8-149.grenoble.iot-lab.info": "8860", 
    "a8-149.rocquencourt.iot-lab.info": "b264", 
    "a8-15.grenoble.iot-lab.info": "b364", 
    "a8-15.rocquencourt.iot-lab.info": "a753", 
    "a8-150.grenoble.iot-lab.info": "2385", 
    "a8-150.rocquencourt.iot-lab.info": "b167", 
    "a8-151.grenoble.iot-lab.info": "c264", 
    "a8-151.rocquencourt.iot-lab.info": "a165", 
    "a8-152.grenoble.iot-lab.info": "3087", 
    "a8-152.rocquencourt.iot-lab.info": "a853", 
    "a8-153.grenoble.iot-lab.info": "2585", 
    "a8-153.rocquencourt.iot-lab.info": "b666", 
    "a8-154.grenoble.iot-lab.info": "2586", 
    "a8-154.rocquencourt.iot-lab.info": "a263", 
    "a8-155.grenoble.iot-lab.info": "3285", 
    "a8-155.rocquencourt.iot-lab.info": "a363", 
    "a8-156.grenoble.iot-lab.info": "2285", 
    "a8-156.rocquencourt.iot-lab.info": "a667", 
    "a8-157.grenoble.iot-lab.info": "9763", 
    "a8-157.rocquencourt.iot-lab.info": "9863", 
    "a8-158.grenoble.iot-lab.info": "1286", 
    "a8-158.rocquencourt.iot-lab.info": "b253", 
    "a8-159.grenoble.iot-lab.info": "a462", 
    "a8-159.rocquencourt.iot-lab.info": "a066", 
    "a8-16.grenoble.iot-lab.info": "b463", 
    "a8-16.rocquencourt.iot-lab.info": "b766", 
    "a8-160.grenoble.iot-lab.info": "3187", 
    "a8-160.rocquencourt.iot-lab.info": "b353", 
    "a8-161.grenoble.iot-lab.info": "2187", 
    "a8-161.rocquencourt.iot-lab.info": "a852", 
    "a8-162.grenoble.iot-lab.info": "3486", 
    "a8-162.rocquencourt.iot-lab.info": "b152", 
    "a8-163.grenoble.iot-lab.info": "2085", 
    "a8-163.rocquencourt.iot-lab.info": "a554", 
    "a8-164.grenoble.iot-lab.info": "8760", 
    "a8-164.rocquencourt.iot-lab.info": "9765", 
    "a8-165.grenoble.iot-lab.info": "3885", 
    "a8-165.rocquencourt.iot-lab.info": "9854", 
    "a8-166.grenoble.iot-lab.info": "1385", 
    "a8-166.rocquencourt.iot-lab.info": "9358", 
    "a8-167.grenoble.iot-lab.info": "2985", 
    "a8-167.rocquencourt.iot-lab.info": "b352", 
    "a8-168.grenoble.iot-lab.info": "1886", 
    "a8-168.rocquencourt.iot-lab.info": "8665", 
    "a8-169.grenoble.iot-lab.info": "2584", 
    "a8-169.rocquencourt.iot-lab.info": "a152", 
    "a8-17.grenoble.iot-lab.info": "8764", 
    "a8-17.rocquencourt.iot-lab.info": "b056", 
    "a8-170.grenoble.iot-lab.info": "b562", 
    "a8-170.rocquencourt.iot-lab.info": "b866", 
    "a8-171.grenoble.iot-lab.info": "3089", 
    "a8-171.rocquencourt.iot-lab.info": "b858", 
    "a8-172.grenoble.iot-lab.info": "c065", 
    "a8-172.rocquencourt.iot-lab.info": "b554", 
    "a8-173.grenoble.iot-lab.info": "0985", 
    "a8-173.rocquencourt.iot-lab.info": "8865", 
    "a8-174.grenoble.iot-lab.info": "b065", 
    "a8-174.rocquencourt.iot-lab.info": "9553", 
    "a8-175.grenoble.iot-lab.info": "b462", 
    "a8-175.rocquencourt.iot-lab.info": "9058", 
    "a8-176.grenoble.iot-lab.info": "c364", 
    "a8-177.grenoble.iot-lab.info": "9462", 
    "a8-178.grenoble.iot-lab.info": "1585", 
    "a8-179.grenoble.iot-lab.info": "a050", 
    "a8-18.grenoble.iot-lab.info": "c366", 
    "a8-18.rocquencourt.iot-lab.info": "a451", 
    "a8-180.grenoble.iot-lab.info": "c062", 
    "a8-181.grenoble.iot-lab.info": "b362", 
    "a8-182.grenoble.iot-lab.info": "a360", 
    "a8-183.grenoble.iot-lab.info": "8859", 
    "a8-184.grenoble.iot-lab.info": "a964", 
    "a8-185.grenoble.iot-lab.info": "8661", 
    "a8-186.grenoble.iot-lab.info": "b860", 
    "a8-187.grenoble.iot-lab.info": "b159", 
    "a8-188.grenoble.iot-lab.info": "3485", 
    "a8-189.grenoble.iot-lab.info": "b966", 
    "a8-19.grenoble.iot-lab.info": "a064", 
    "a8-19.rocquencourt.iot-lab.info": "a663", 
    "a8-190.grenoble.iot-lab.info": "8761", 
    "a8-191.grenoble.iot-lab.info": "a660", 
    "a8-192.grenoble.iot-lab.info": "9758", 
    "a8-193.grenoble.iot-lab.info": "1885", 
    "a8-194.grenoble.iot-lab.info": "9664", 
    "a8-195.grenoble.iot-lab.info": "9460", 
    "a8-196.grenoble.iot-lab.info": "a960", 
    "a8-197.grenoble.iot-lab.info": "a262", 
    "a8-198.grenoble.iot-lab.info": "b259", 
    "a8-199.grenoble.iot-lab.info": "8961", 
    "a8-2.grenoble.iot-lab.info": "a461", 
    "a8-2.rocquencourt.iot-lab.info": "9065", 
    "a8-2.strasbourg.iot-lab.info": "9455", 
    "a8-20.grenoble.iot-lab.info": "9366", 
    "a8-20.rocquencourt.iot-lab.info": "a665", 
    "a8-200.grenoble.iot-lab.info": "3587", 
    "a8-201.grenoble.iot-lab.info": "2887", 
    "a8-202.grenoble.iot-lab.info": "9958", 
    "a8-203.grenoble.iot-lab.info": "a150", 
    "a8-204.grenoble.iot-lab.info": "2087", 
    "a8-205.grenoble.iot-lab.info": "8662", 
    "a8-206.grenoble.iot-lab.info": "8959", 
    "a8-207.grenoble.iot-lab.info": "a951", 
    "a8-208.grenoble.iot-lab.info": "1685", 
    "a8-209.grenoble.iot-lab.info": "9161", 
    "a8-21.grenoble.iot-lab.info": "8862", 
    "a8-21.rocquencourt.iot-lab.info": "b052", 
    "a8-210.grenoble.iot-lab.info": "b759", 
    "a8-211.grenoble.iot-lab.info": "2386", 
    "a8-212.grenoble.iot-lab.info": "9563", 
    "a8-213.grenoble.iot-lab.info": "9861", 
    "a8-214.grenoble.iot-lab.info": "3884", 
    "a8-215.grenoble.iot-lab.info": "a460", 
    "a8-216.grenoble.iot-lab.info": "b459", 
    "a8-217.grenoble.iot-lab.info": "1785", 
    "a8-218.grenoble.iot-lab.info": "a851", 
    "a8-219.grenoble.iot-lab.info": "9464", 
    "a8-22.grenoble.iot-lab.info": "3189", 
    "a8-22.rocquencourt.iot-lab.info": "b063", 
    "a8-220.grenoble.iot-lab.info": "a861", 
    "a8-221.grenoble.iot-lab.info": "a664", 
    "a8-222.grenoble.iot-lab.info": "2084", 
    "a8-224.grenoble.iot-lab.info": "8561", 
    "a8-225.grenoble.iot-lab.info": "b558", 
    "a8-226.grenoble.iot-lab.info": "b561", 
    "a8-227.grenoble.iot-lab.info": "9663", 
    "a8-228.grenoble.iot-lab.info": "9950", 
    "a8-23.grenoble.iot-lab.info": "9658", 
    "a8-23.rocquencourt.iot-lab.info": "b154", 
    "a8-24.grenoble.iot-lab.info": "b560", 
    "a8-24.rocquencourt.iot-lab.info": "a666", 
    "a8-25.grenoble.iot-lab.info": "9761", 
    "a8-25.rocquencourt.iot-lab.info": "b153", 
    "a8-26.grenoble.iot-lab.info": "b961", 
    "a8-26.rocquencourt.iot-lab.info": "9753", 
    "a8-27.rocquencourt.iot-lab.info": "9954", 
    "a8-28.grenoble.iot-lab.info": "2784", 
    "a8-28.rocquencourt.iot-lab.info": "9163", 
    "a8-29.grenoble.iot-lab.info": "c261", 
    "a8-29.rocquencourt.iot-lab.info": "b658", 
    "a8-3.grenoble.iot-lab.info": "b363", 
    "a8-3.rocquencourt.iot-lab.info": "a051", 
    "a8-3.strasbourg.iot-lab.info": "a456", 
    "a8-30.grenoble.iot-lab.info": "8664", 
    "a8-30.rocquencourt.iot-lab.info": "a367", 
    "a8-31.grenoble.iot-lab.info": "8759", 
    "a8-31.rocquencourt.iot-lab.info": "9165", 
    "a8-32.grenoble.iot-lab.info": "9259", 
    "a8-32.rocquencourt.iot-lab.info": "9166", 
    "a8-33.grenoble.iot-lab.info": "9661", 
    "a8-33.rocquencourt.iot-lab.info": "8966", 
    "a8-34.grenoble.iot-lab.info": "c162", 
    "a8-34.rocquencourt.iot-lab.info": "a267", 
    "a8-35.grenoble.iot-lab.info": "3084", 
    "a8-35.rocquencourt.iot-lab.info": "b567", 
    "a8-36.grenoble.iot-lab.info": "3085", 
    "a8-36.rocquencourt.iot-lab.info": "b066", 
    "a8-37.grenoble.iot-lab.info": "b460", 
    "a8-37.rocquencourt.iot-lab.info": "9964", 
    "a8-38.grenoble.iot-lab.info": "a859", 
    "a8-38.rocquencourt.iot-lab.info": "a366", 
    "a8-39.grenoble.iot-lab.info": "a661", 
    "a8-4.grenoble.iot-lab.info": "9064", 
    "a8-4.rocquencourt.iot-lab.info": "9764", 
    "a8-4.strasbourg.iot-lab.info": "b857", 
    "a8-40.grenoble.iot-lab.info": "9559", 
    "a8-40.rocquencourt.iot-lab.info": "9266", 
    "a8-41.grenoble.iot-lab.info": "a361", 
    "a8-41.rocquencourt.iot-lab.info": "9458", 
    "a8-42.grenoble.iot-lab.info": "9359", 
    "a8-42.rocquencourt.iot-lab.info": "b863", 
    "a8-43.grenoble.iot-lab.info": "9859", 
    "a8-43.rocquencourt.iot-lab.info": "9253", 
    "a8-44.grenoble.iot-lab.info": "b661", 
    "a8-45.grenoble.iot-lab.info": "8960", 
    "a8-45.rocquencourt.iot-lab.info": "9653", 
    "a8-46.grenoble.iot-lab.info": "3184", 
    "a8-46.rocquencourt.iot-lab.info": "a566", 
    "a8-47.grenoble.iot-lab.info": "a358", 
    "a8-47.rocquencourt.iot-lab.info": "a254", 
    "a8-48.grenoble.iot-lab.info": "b461", 
    "a8-49.grenoble.iot-lab.info": "a350", 
    "a8-5.grenoble.iot-lab.info": "a558", 
    "a8-5.rocquencourt.iot-lab.info": "a151", 
    "a8-5.strasbourg.iot-lab.info": "9255", 
    "a8-50.grenoble.iot-lab.info": "b361", 
    "a8-50.rocquencourt.iot-lab.info": "9966", 
    "a8-51.grenoble.iot-lab.info": "b051", 
    "a8-51.rocquencourt.iot-lab.info": "a452", 
    "a8-52.grenoble.iot-lab.info": "b861", 
    "a8-52.rocquencourt.iot-lab.info": "8866", 
    "a8-53.grenoble.iot-lab.info": "2890", 
    "a8-53.rocquencourt.iot-lab.info": "9452", 
    "a8-54.grenoble.iot-lab.info": "a850", 
    "a8-54.rocquencourt.iot-lab.info": "b367", 
    "a8-55.grenoble.iot-lab.info": "c467", 
    "a8-55.rocquencourt.iot-lab.info": "9466", 
    "a8-56.grenoble.iot-lab.info": "1884", 
    "a8-56.rocquencourt.iot-lab.info": "b465", 
    "a8-57.grenoble.iot-lab.info": "2790", 
    "a8-57.rocquencourt.iot-lab.info": "a765", 
    "a8-58.grenoble.iot-lab.info": "c266", 
    "a8-58.rocquencourt.iot-lab.info": "8957", 
    "a8-59.grenoble.iot-lab.info": "b663", 
    "a8-59.rocquencourt.iot-lab.info": "9754", 
    "a8-6.grenoble.iot-lab.info": "3289", 
    "a8-6.strasbourg.iot-lab.info": "a155", 
    "a8-60.grenoble.iot-lab.info": "1285", 
    "a8-60.rocquencourt.iot-lab.info": "a067", 
    "a8-61.grenoble.iot-lab.info": "a164", 
    "a8-61.rocquencourt.iot-lab.info": "a351", 
    "a8-62.grenoble.iot-lab.info": "3090", 
    "a8-62.rocquencourt.iot-lab.info": "9755", 
    "a8-63.grenoble.iot-lab.info": "a863", 
    "a8-63.rocquencourt.iot-lab.info": "a252", 
    "a8-64.grenoble.iot-lab.info": "2484", 
    "a8-64.rocquencourt.iot-lab.info": "a054", 
    "a8-65.grenoble.iot-lab.info": "b563", 
    "a8-65.rocquencourt.iot-lab.info": "9867", 
    "a8-66.grenoble.iot-lab.info": "a060", 
    "a8-66.rocquencourt.iot-lab.info": "c163", 
    "a8-67.grenoble.iot-lab.info": "a959", 
    "a8-68.grenoble.iot-lab.info": "c064", 
    "a8-68.rocquencourt.iot-lab.info": "b166", 
    "a8-69.grenoble.iot-lab.info": "9659", 
    "a8-69.rocquencourt.iot-lab.info": "9855", 
    "a8-7.grenoble.iot-lab.info": "b959", 
    "a8-7.rocquencourt.iot-lab.info": "a065", 
    "a8-7.strasbourg.iot-lab.info": "a956", 
    "a8-70.grenoble.iot-lab.info": "8963", 
    "a8-70.rocquencourt.iot-lab.info": "9354", 
    "a8-71.grenoble.iot-lab.info": "b458", 
    "a8-71.rocquencourt.iot-lab.info": "a754", 
    "a8-72.grenoble.iot-lab.info": "2684", 
    "a8-72.rocquencourt.iot-lab.info": "b454", 
    "a8-73.grenoble.iot-lab.info": "9760", 
    "a8-73.rocquencourt.iot-lab.info": "b964", 
    "a8-74.grenoble.iot-lab.info": "a359", 
    "a8-74.rocquencourt.iot-lab.info": "b053", 
    "a8-75.grenoble.iot-lab.info": "2886", 
    "a8-75.rocquencourt.iot-lab.info": "9866", 
    "a8-76.grenoble.iot-lab.info": "b859", 
    "a8-76.rocquencourt.iot-lab.info": "b356", 
    "a8-77.grenoble.iot-lab.info": "a459", 
    "a8-77.rocquencourt.iot-lab.info": "b254", 
    "a8-78.grenoble.iot-lab.info": "b762", 
    "a8-78.rocquencourt.iot-lab.info": "8666", 
    "a8-79.grenoble.iot-lab.info": "8863", 
    "a8-79.rocquencourt.iot-lab.info": "a967", 
    "a8-8.grenoble.iot-lab.info": "9651", 
    "a8-8.rocquencourt.iot-lab.info": "a053", 
    "a8-8.strasbourg.iot-lab.info": "a856", 
    "a8-80.grenoble.iot-lab.info": "3685", 
    "a8-80.rocquencourt.iot-lab.info": "9258", 
    "a8-81.grenoble.iot-lab.info": "3586", 
    "a8-81.rocquencourt.iot-lab.info": "a454", 
    "a8-82.grenoble.iot-lab.info": "1786", 
    "a8-82.rocquencourt.iot-lab.info": "b763", 
    "a8-83.grenoble.iot-lab.info": "2687", 
    "a8-83.rocquencourt.iot-lab.info": "a353", 
    "a8-84.grenoble.iot-lab.info": "1485", 
    "a8-84.rocquencourt.iot-lab.info": "9953", 
    "a8-85.grenoble.iot-lab.info": "b262", 
    "a8-85.rocquencourt.iot-lab.info": "b256", 
    "a8-86.grenoble.iot-lab.info": "3686", 
    "a8-86.rocquencourt.iot-lab.info": "a954", 
    "a8-87.grenoble.iot-lab.info": "9962", 
    "a8-87.rocquencourt.iot-lab.info": "a653", 
    "a8-88.grenoble.iot-lab.info": "a762", 
    "a8-88.rocquencourt.iot-lab.info": "b466", 
    "a8-89.grenoble.iot-lab.info": "2086", 
    "a8-89.rocquencourt.iot-lab.info": "a567", 
    "a8-9.grenoble.iot-lab.info": "b164", 
    "a8-9.rocquencourt.iot-lab.info": "a167", 
    "a8-9.strasbourg.iot-lab.info": "b556", 
    "a8-90.grenoble.iot-lab.info": "b062", 
    "a8-90.rocquencourt.iot-lab.info": "a352", 
    "a8-91.grenoble.iot-lab.info": "2487", 
    "a8-92.grenoble.iot-lab.info": "b162", 
    "a8-92.rocquencourt.iot-lab.info": "a063", 
    "a8-93.grenoble.iot-lab.info": "a962", 
    "a8-93.rocquencourt.iot-lab.info": "a854", 
    "a8-94.grenoble.iot-lab.info": "3386", 
    "a8-94.rocquencourt.iot-lab.info": "8466", 
    "a8-95.grenoble.iot-lab.info": "3687", 
    "a8-95.rocquencourt.iot-lab.info": "b758", 
    "a8-96.grenoble.iot-lab.info": "a562", 
    "a8-96.rocquencourt.iot-lab.info": "b263", 
    "a8-97.grenoble.iot-lab.info": "1586", 
    "a8-97.rocquencourt.iot-lab.info": "a466", 
    "a8-98.grenoble.iot-lab.info": "b058", 
    "a8-98.rocquencourt.iot-lab.info": "b654", 
    "a8-99.grenoble.iot-lab.info": "c363", 
    "a8-99.rocquencourt.iot-lab.info": "9864", 
    "m3-1.grenoble.iot-lab.info": "2354", 
    "m3-1.lille.iot-lab.info": "3055", 
    "m3-1.rocquencourt.iot-lab.info": "1160", 
    "m3-1.strasbourg.iot-lab.info": "a484", 
    "m3-10.grenoble.iot-lab.info": "8772", 
    "m3-10.lille.iot-lab.info": "2156", 
    "m3-10.rocquencourt.iot-lab.info": "c471", 
    "m3-10.strasbourg.iot-lab.info": "9387", 
    "m3-100.grenoble.iot-lab.info": "b080", 
    "m3-100.lille.iot-lab.info": "8973", 
    "m3-101.grenoble.iot-lab.info": "9181", 
    "m3-101.lille.iot-lab.info": "1951", 
    "m3-102.grenoble.iot-lab.info": "a881", 
    "m3-102.lille.iot-lab.info": "a473", 
    "m3-103.grenoble.iot-lab.info": "9881", 
    "m3-103.lille.iot-lab.info": "1654", 
    "m3-104.grenoble.iot-lab.info": "a775", 
    "m3-104.lille.iot-lab.info": "0660", 
    "m3-105.grenoble.iot-lab.info": "b576", 
    "m3-105.lille.iot-lab.info": "2855", 
    "m3-106.grenoble.iot-lab.info": "9382", 
    "m3-106.lille.iot-lab.info": "3559", 
    "m3-107.grenoble.iot-lab.info": "a072", 
    "m3-107.lille.iot-lab.info": "b289", 
    "m3-108.grenoble.iot-lab.info": "8477", 
    "m3-108.lille.iot-lab.info": "b172", 
    "m3-109.grenoble.iot-lab.info": "1062", 
    "m3-109.lille.iot-lab.info": "0958", 
    "m3-11.grenoble.iot-lab.info": "9971", 
    "m3-11.lille.iot-lab.info": "1457", 
    "m3-11.rocquencourt.iot-lab.info": "2353", 
    "m3-11.strasbourg.iot-lab.info": "8984", 
    "m3-110.grenoble.iot-lab.info": "a071", 
    "m3-110.lille.iot-lab.info": "2853", 
    "m3-111.grenoble.iot-lab.info": "9172", 
    "m3-111.lille.iot-lab.info": "3858", 
    "m3-112.grenoble.iot-lab.info": "a578", 
    "m3-112.lille.iot-lab.info": "a270", 
    "m3-113.lille.iot-lab.info": "1957", 
    "m3-114.grenoble.iot-lab.info": "a879", 
    "m3-114.lille.iot-lab.info": "b872", 
    "m3-115.grenoble.iot-lab.info": "8471", 
    "m3-115.lille.iot-lab.info": "a890", 
    "m3-116.grenoble.iot-lab.info": "8969", 
    "m3-116.lille.iot-lab.info": "b488", 
    "m3-117.grenoble.iot-lab.info": "2262", 
    "m3-117.lille.iot-lab.info": "1154", 
    "m3-118.grenoble.iot-lab.info": "9376", 
    "m3-118.lille.iot-lab.info": "2556", 
    "m3-119.grenoble.iot-lab.info": "a468", 
    "m3-119.lille.iot-lab.info": "1356", 
    "m3-12.grenoble.iot-lab.info": "a869", 
    "m3-12.lille.iot-lab.info": "1158", 
    "m3-12.strasbourg.iot-lab.info": "9588", 
    "m3-120.grenoble.iot-lab.info": "a469", 
    "m3-120.lille.iot-lab.info": "0758", 
    "m3-121.grenoble.iot-lab.info": "8572", 
    "m3-121.lille.iot-lab.info": "1061", 
    "m3-122.grenoble.iot-lab.info": "a180", 
    "m3-122.lille.iot-lab.info": "3154", 
    "m3-123.grenoble.iot-lab.info": "c276", 
    "m3-123.lille.iot-lab.info": "8473", 
    "m3-124.grenoble.iot-lab.info": "9772", 
    "m3-124.lille.iot-lab.info": "b471", 
    "m3-125.grenoble.iot-lab.info": "9672", 
    "m3-125.lille.iot-lab.info": "9570", 
    "m3-126.grenoble.iot-lab.info": "b269", 
    "m3-126.lille.iot-lab.info": "1956", 
    "m3-127.grenoble.iot-lab.info": "8671", 
    "m3-127.lille.iot-lab.info": "3558", 
    "m3-128.grenoble.iot-lab.info": "9980", 
    "m3-128.lille.iot-lab.info": "2452", 
    "m3-129.grenoble.iot-lab.info": "9783", 
    "m3-129.lille.iot-lab.info": "1159", 
    "m3-13.grenoble.iot-lab.info": "a569", 
    "m3-13.lille.iot-lab.info": "3455", 
    "m3-13.rocquencourt.iot-lab.info": "2661", 
    "m3-13.strasbourg.iot-lab.info": "b384", 
    "m3-130.grenoble.iot-lab.info": "a272", 
    "m3-130.lille.iot-lab.info": "1954", 
    "m3-131.grenoble.iot-lab.info": "9369", 
    "m3-131.lille.iot-lab.info": "b388", 
    "m3-132.grenoble.iot-lab.info": "a369", 
    "m3-132.lille.iot-lab.info": "b973", 
    "m3-133.lille.iot-lab.info": "2451", 
    "m3-134.grenoble.iot-lab.info": "a069", 
    "m3-134.lille.iot-lab.info": "b670", 
    "m3-135.grenoble.iot-lab.info": "1761", 
    "m3-135.lille.iot-lab.info": "0957", 
    "m3-136.grenoble.iot-lab.info": "9669", 
    "m3-136.lille.iot-lab.info": "0561", 
    "m3-137.grenoble.iot-lab.info": "9371", 
    "m3-137.lille.iot-lab.info": "2650", 
    "m3-138.lille.iot-lab.info": "1856", 
    "m3-139.grenoble.iot-lab.info": "a778", 
    "m3-139.lille.iot-lab.info": "a990", 
    "m3-14.grenoble.iot-lab.info": "9869", 
    "m3-14.lille.iot-lab.info": "b588", 
    "m3-14.rocquencourt.iot-lab.info": "2053", 
    "m3-14.strasbourg.iot-lab.info": "b187", 
    "m3-140.lille.iot-lab.info": "9073", 
    "m3-141.grenoble.iot-lab.info": "8579", 
    "m3-141.lille.iot-lab.info": "3155", 
    "m3-142.grenoble.iot-lab.info": "a783", 
    "m3-142.lille.iot-lab.info": "9270", 
    "m3-143.grenoble.iot-lab.info": "9779", 
    "m3-143.lille.iot-lab.info": "8773", 
    "m3-144.grenoble.iot-lab.info": "c069", 
    "m3-144.lille.iot-lab.info": "a189", 
    "m3-145.grenoble.iot-lab.info": "9680", 
    "m3-145.lille.iot-lab.info": "a170", 
    "m3-146.grenoble.iot-lab.info": "a668", 
    "m3-146.lille.iot-lab.info": "9877", 
    "m3-147.grenoble.iot-lab.info": "9380", 
    "m3-147.lille.iot-lab.info": "1359", 
    "m3-148.lille.iot-lab.info": "c273", 
    "m3-149.grenoble.iot-lab.info": "9683", 
    "m3-149.lille.iot-lab.info": "9074", 
    "m3-15.grenoble.iot-lab.info": "c280", 
    "m3-15.lille.iot-lab.info": "2150", 
    "m3-15.strasbourg.iot-lab.info": "9488", 
    "m3-150.lille.iot-lab.info": "b972", 
    "m3-151.grenoble.iot-lab.info": "9576", 
    "m3-151.lille.iot-lab.info": "b173", 
    "m3-152.grenoble.iot-lab.info": "b769", 
    "m3-152.lille.iot-lab.info": "c073", 
    "m3-153.grenoble.iot-lab.info": "b081", 
    "m3-153.lille.iot-lab.info": "2850", 
    "m3-154.grenoble.iot-lab.info": "a279", 
    "m3-154.lille.iot-lab.info": "3254", 
    "m3-155.grenoble.iot-lab.info": "3160", 
    "m3-155.lille.iot-lab.info": "3359", 
    "m3-156.grenoble.iot-lab.info": "1861", 
    "m3-156.lille.iot-lab.info": "2955", 
    "m3-157.grenoble.iot-lab.info": "a380", 
    "m3-157.lille.iot-lab.info": "2350", 
    "m3-158.grenoble.iot-lab.info": "a781", 
    "m3-158.lille.iot-lab.info": "b472", 
    "m3-159.grenoble.iot-lab.info": "a081", 
    "m3-159.lille.iot-lab.info": "2050", 
    "m3-16.grenoble.iot-lab.info": "a269", 
    "m3-16.lille.iot-lab.info": "2655", 
    "m3-16.strasbourg.iot-lab.info": "9385", 
    "m3-160.grenoble.iot-lab.info": "9880", 
    "m3-160.lille.iot-lab.info": "c472", 
    "m3-161.grenoble.iot-lab.info": "9582", 
    "m3-161.lille.iot-lab.info": "1855", 
    "m3-162.grenoble.iot-lab.info": "8775", 
    "m3-162.lille.iot-lab.info": "2257", 
    "m3-163.grenoble.iot-lab.info": "9276", 
    "m3-163.lille.iot-lab.info": "1754", 
    "m3-164.grenoble.iot-lab.info": "b281", 
    "m3-164.lille.iot-lab.info": "8673", 
    "m3-165.grenoble.iot-lab.info": "9478", 
    "m3-165.lille.iot-lab.info": "a070", 
    "m3-166.grenoble.iot-lab.info": "9671", 
    "m3-166.lille.iot-lab.info": "c373", 
    "m3-167.grenoble.iot-lab.info": "1862", 
    "m3-167.lille.iot-lab.info": "1355", 
    "m3-168.grenoble.iot-lab.info": "8475", 
    "m3-168.lille.iot-lab.info": "3159", 
    "m3-169.grenoble.iot-lab.info": "a276", 
    "m3-169.lille.iot-lab.info": "2951", 
    "m3-17.grenoble.iot-lab.info": "a172", 
    "m3-17.lille.iot-lab.info": "2355", 
    "m3-17.strasbourg.iot-lab.info": "b585", 
    "m3-170.grenoble.iot-lab.info": "c076", 
    "m3-170.lille.iot-lab.info": "1751", 
    "m3-171.grenoble.iot-lab.info": "9379", 
    "m3-171.lille.iot-lab.info": "2959", 
    "m3-172.grenoble.iot-lab.info": "9678", 
    "m3-172.lille.iot-lab.info": "a771", 
    "m3-173.grenoble.iot-lab.info": "9381", 
    "m3-173.lille.iot-lab.info": "1156", 
    "m3-174.grenoble.iot-lab.info": "a179", 
    "m3-174.lille.iot-lab.info": "2055", 
    "m3-175.grenoble.iot-lab.info": "a870", 
    "m3-175.lille.iot-lab.info": "3962", 
    "m3-176.grenoble.iot-lab.info": "9572", 
    "m3-176.lille.iot-lab.info": "b970", 
    "m3-177.grenoble.iot-lab.info": "3061", 
    "m3-177.lille.iot-lab.info": "b389", 
    "m3-178.grenoble.iot-lab.info": "a281", 
    "m3-178.lille.iot-lab.info": "8374", 
    "m3-179.lille.iot-lab.info": "3355", 
    "m3-18.grenoble.iot-lab.info": "b679", 
    "m3-18.lille.iot-lab.info": "1854", 
    "m3-18.strasbourg.iot-lab.info": "a587", 
    "m3-180.grenoble.iot-lab.info": "0762", 
    "m3-180.lille.iot-lab.info": "2456", 
    "m3-181.grenoble.iot-lab.info": "b583", 
    "m3-181.lille.iot-lab.info": "2754", 
    "m3-182.grenoble.iot-lab.info": "9968", 
    "m3-182.lille.iot-lab.info": "8474", 
    "m3-183.grenoble.iot-lab.info": "9169", 
    "m3-183.lille.iot-lab.info": "a873", 
    "m3-184.grenoble.iot-lab.info": "9168", 
    "m3-184.lille.iot-lab.info": "3158", 
    "m3-185.grenoble.iot-lab.info": "9978", 
    "m3-185.lille.iot-lab.info": "3059", 
    "m3-186.grenoble.iot-lab.info": "8979", 
    "m3-186.lille.iot-lab.info": "a373", 
    "m3-187.grenoble.iot-lab.info": "9571", 
    "m3-187.lille.iot-lab.info": "9173", 
    "m3-188.grenoble.iot-lab.info": "9072", 
    "m3-188.lille.iot-lab.info": "1358", 
    "m3-189.grenoble.iot-lab.info": "9480", 
    "m3-189.lille.iot-lab.info": "a289", 
    "m3-19.grenoble.iot-lab.info": "9969", 
    "m3-19.lille.iot-lab.info": "2455", 
    "m3-19.strasbourg.iot-lab.info": "9083", 
    "m3-190.grenoble.iot-lab.info": "b882", 
    "m3-190.lille.iot-lab.info": "3453", 
    "m3-191.lille.iot-lab.info": "a490", 
    "m3-192.grenoble.iot-lab.info": "b579", 
    "m3-192.lille.iot-lab.info": "a573", 
    "m3-193.grenoble.iot-lab.info": "a376", 
    "m3-193.lille.iot-lab.info": "3859", 
    "m3-194.grenoble.iot-lab.info": "a375", 
    "m3-194.lille.iot-lab.info": "9573", 
    "m3-195.grenoble.iot-lab.info": "a670", 
    "m3-195.lille.iot-lab.info": "2152", 
    "m3-196.grenoble.iot-lab.info": "a768", 
    "m3-196.lille.iot-lab.info": "2559", 
    "m3-197.grenoble.iot-lab.info": "a972", 
    "m3-197.lille.iot-lab.info": "b273", 
    "m3-198.grenoble.iot-lab.info": "a383", 
    "m3-198.lille.iot-lab.info": "1455", 
    "m3-199.grenoble.iot-lab.info": "8569", 
    "m3-199.lille.iot-lab.info": "1652", 
    "m3-2.grenoble.iot-lab.info": "9982", 
    "m3-2.lille.iot-lab.info": "3051", 
    "m3-2.rocquencourt.iot-lab.info": "4061", 
    "m3-2.strasbourg.iot-lab.info": "a685", 
    "m3-20.grenoble.iot-lab.info": "b077", 
    "m3-20.lille.iot-lab.info": "3353", 
    "m3-20.strasbourg.iot-lab.info": "b786", 
    "m3-200.grenoble.iot-lab.info": "c376", 
    "m3-200.lille.iot-lab.info": "9770", 
    "m3-201.grenoble.iot-lab.info": "8476", 
    "m3-201.lille.iot-lab.info": "a871", 
    "m3-202.grenoble.iot-lab.info": "a183", 
    "m3-202.lille.iot-lab.info": "2751", 
    "m3-203.grenoble.iot-lab.info": "9584", 
    "m3-203.lille.iot-lab.info": "8573", 
    "m3-204.grenoble.iot-lab.info": "b877", 
    "m3-204.lille.iot-lab.info": "2052", 
    "m3-205.grenoble.iot-lab.info": "8967", 
    "m3-205.lille.iot-lab.info": "1857", 
    "m3-206.grenoble.iot-lab.info": "9979", 
    "m3-206.lille.iot-lab.info": "3659", 
    "m3-207.grenoble.iot-lab.info": "a379", 
    "m3-207.lille.iot-lab.info": "2651", 
    "m3-208.grenoble.iot-lab.info": "9076", 
    "m3-208.lille.iot-lab.info": "8873", 
    "m3-209.grenoble.iot-lab.info": "b379", 
    "m3-209.lille.iot-lab.info": "b571", 
    "m3-21.grenoble.iot-lab.info": "b382", 
    "m3-21.lille.iot-lab.info": "2652", 
    "m3-21.strasbourg.iot-lab.info": "a385", 
    "m3-210.grenoble.iot-lab.info": "c081", 
    "m3-210.lille.iot-lab.info": "1254", 
    "m3-211.grenoble.iot-lab.info": "8875", 
    "m3-211.lille.iot-lab.info": "2759", 
    "m3-212.grenoble.iot-lab.info": "b280", 
    "m3-212.lille.iot-lab.info": "b270", 
    "m3-213.grenoble.iot-lab.info": "8472", 
    "m3-213.lille.iot-lab.info": "1859", 
    "m3-214.grenoble.iot-lab.info": "9567", 
    "m3-214.lille.iot-lab.info": "2352", 
    "m3-215.grenoble.iot-lab.info": "9175", 
    "m3-215.lille.iot-lab.info": "3458", 
    "m3-216.grenoble.iot-lab.info": "b369", 
    "m3-216.lille.iot-lab.info": "0858", 
    "m3-217.grenoble.iot-lab.info": "9871", 
    "m3-217.lille.iot-lab.info": "3152", 
    "m3-218.grenoble.iot-lab.info": "b582", 
    "m3-218.lille.iot-lab.info": "9373", 
    "m3-219.grenoble.iot-lab.info": "b481", 
    "m3-219.lille.iot-lab.info": "2359", 
    "m3-22.grenoble.iot-lab.info": "9171", 
    "m3-22.lille.iot-lab.info": "2758", 
    "m3-22.strasbourg.iot-lab.info": "a488", 
    "m3-220.grenoble.iot-lab.info": "2160", 
    "m3-220.lille.iot-lab.info": "c270", 
    "m3-221.grenoble.iot-lab.info": "9981", 
    "m3-221.lille.iot-lab.info": "b873", 
    "m3-222.grenoble.iot-lab.info": "3860", 
    "m3-222.lille.iot-lab.info": "b288", 
    "m3-223.grenoble.iot-lab.info": "b768", 
    "m3-223.lille.iot-lab.info": "2552", 
    "m3-224.grenoble.iot-lab.info": "b180", 
    "m3-224.lille.iot-lab.info": "b070", 
    "m3-225.grenoble.iot-lab.info": "c068", 
    "m3-225.lille.iot-lab.info": "1357", 
    "m3-226.grenoble.iot-lab.info": "b268", 
    "m3-226.lille.iot-lab.info": "2450", 
    "m3-227.grenoble.iot-lab.info": "9377", 
    "m3-227.lille.iot-lab.info": "0959", 
    "m3-228.grenoble.iot-lab.info": "9283", 
    "m3-228.lille.iot-lab.info": "b073", 
    "m3-229.grenoble.iot-lab.info": "b068", 
    "m3-229.lille.iot-lab.info": "a790", 
    "m3-23.grenoble.iot-lab.info": "a669", 
    "m3-23.lille.iot-lab.info": "3454", 
    "m3-23.strasbourg.iot-lab.info": "a984", 
    "m3-230.grenoble.iot-lab.info": "3861", 
    "m3-230.lille.iot-lab.info": "1258", 
    "m3-231.grenoble.iot-lab.info": "8779", 
    "m3-231.lille.iot-lab.info": "2159", 
    "m3-232.grenoble.iot-lab.info": "a372", 
    "m3-232.lille.iot-lab.info": "2851", 
    "m3-233.grenoble.iot-lab.info": "8881", 
    "m3-233.lille.iot-lab.info": "1256", 
    "m3-234.grenoble.iot-lab.info": "9481", 
    "m3-234.lille.iot-lab.info": "2251", 
    "m3-235.grenoble.iot-lab.info": "2362", 
    "m3-235.lille.iot-lab.info": "a889", 
    "m3-236.grenoble.iot-lab.info": "a677", 
    "m3-236.lille.iot-lab.info": "2551", 
    "m3-237.grenoble.iot-lab.info": "1562", 
    "m3-237.lille.iot-lab.info": "1658", 
    "m3-238.grenoble.iot-lab.info": "a083", 
    "m3-238.lille.iot-lab.info": "3153", 
    "m3-239.grenoble.iot-lab.info": "b876", 
    "m3-239.lille.iot-lab.info": "3358", 
    "m3-24.grenoble.iot-lab.info": "8971", 
    "m3-24.lille.iot-lab.info": "1058", 
    "m3-24.strasbourg.iot-lab.info": "9084", 
    "m3-240.grenoble.iot-lab.info": "3761", 
    "m3-240.lille.iot-lab.info": "1559", 
    "m3-241.grenoble.iot-lab.info": "8371", 
    "m3-241.lille.iot-lab.info": "2051", 
    "m3-242.grenoble.iot-lab.info": "9077", 
    "m3-242.lille.iot-lab.info": "2054", 
    "m3-243.grenoble.iot-lab.info": "a678", 
    "m3-243.lille.iot-lab.info": "1552", 
    "m3-244.grenoble.iot-lab.info": "9579", 
    "m3-244.lille.iot-lab.info": "2659", 
    "m3-245.grenoble.iot-lab.info": "9269", 
    "m3-245.lille.iot-lab.info": "3151", 
    "m3-246.grenoble.iot-lab.info": "b881", 
    "m3-246.lille.iot-lab.info": "2454", 
    "m3-247.grenoble.iot-lab.info": "a982", 
    "m3-247.lille.iot-lab.info": "1554", 
    "m3-248.grenoble.iot-lab.info": "b383", 
    "m3-248.lille.iot-lab.info": "2458", 
    "m3-249.grenoble.iot-lab.info": "9583", 
    "m3-249.lille.iot-lab.info": "b770", 
    "m3-25.grenoble.iot-lab.info": "9071", 
    "m3-25.lille.iot-lab.info": "1656", 
    "m3-25.strasbourg.iot-lab.info": "a187", 
    "m3-250.grenoble.iot-lab.info": "a483", 
    "m3-250.lille.iot-lab.info": "b871", 
    "m3-251.grenoble.iot-lab.info": "9876", 
    "m3-251.lille.iot-lab.info": "0759", 
    "m3-252.grenoble.iot-lab.info": "b580", 
    "m3-252.lille.iot-lab.info": "2358", 
    "m3-253.grenoble.iot-lab.info": "c277", 
    "m3-253.lille.iot-lab.info": "1257", 
    "m3-254.grenoble.iot-lab.info": "8982", 
    "m3-254.lille.iot-lab.info": "b371", 
    "m3-255.grenoble.iot-lab.info": "b168", 
    "m3-255.lille.iot-lab.info": "2858", 
    "m3-256.grenoble.iot-lab.info": "1660", 
    "m3-256.lille.iot-lab.info": "2554", 
    "m3-257.grenoble.iot-lab.info": "b668", 
    "m3-258.grenoble.iot-lab.info": "1860", 
    "m3-259.grenoble.iot-lab.info": "a580", 
    "m3-26.grenoble.iot-lab.info": "9469", 
    "m3-26.lille.iot-lab.info": "9170", 
    "m3-26.strasbourg.iot-lab.info": "b685", 
    "m3-260.grenoble.iot-lab.info": "a478", 
    "m3-261.grenoble.iot-lab.info": "9483", 
    "m3-262.grenoble.iot-lab.info": "a481", 
    "m3-263.grenoble.iot-lab.info": "8470", 
    "m3-264.grenoble.iot-lab.info": "9575", 
    "m3-265.grenoble.iot-lab.info": "a470", 
    "m3-266.grenoble.iot-lab.info": "c369", 
    "m3-267.grenoble.iot-lab.info": "b182", 
    "m3-268.grenoble.iot-lab.info": "9681", 
    "m3-269.grenoble.iot-lab.info": "b477", 
    "m3-27.grenoble.iot-lab.info": "b778", 
    "m3-27.lille.iot-lab.info": "9973", 
    "m3-27.strasbourg.iot-lab.info": "a185", 
    "m3-270.grenoble.iot-lab.info": "b380", 
    "m3-271.grenoble.iot-lab.info": "a980", 
    "m3-272.grenoble.iot-lab.info": "2861", 
    "m3-273.grenoble.iot-lab.info": "9279", 
    "m3-274.grenoble.iot-lab.info": "a880", 
    "m3-275.grenoble.iot-lab.info": "9771", 
    "m3-276.grenoble.iot-lab.info": "9482", 
    "m3-277.grenoble.iot-lab.info": "c176", 
    "m3-278.grenoble.iot-lab.info": "a968", 
    "m3-279.grenoble.iot-lab.info": "9780", 
    "m3-28.grenoble.iot-lab.info": "a882", 
    "m3-28.lille.iot-lab.info": "1155", 
    "m3-28.strasbourg.iot-lab.info": "a586", 
    "m3-280.grenoble.iot-lab.info": "b381", 
    "m3-281.grenoble.iot-lab.info": "a582", 
    "m3-282.grenoble.iot-lab.info": "a283", 
    "m3-283.grenoble.iot-lab.info": "b781", 
    "m3-284.grenoble.iot-lab.info": "9875", 
    "m3-285.grenoble.iot-lab.info": "a583", 
    "m3-286.grenoble.iot-lab.info": "a969", 
    "m3-287.grenoble.iot-lab.info": "b982", 
    "m3-288.grenoble.iot-lab.info": "1162", 
    "m3-289.grenoble.iot-lab.info": "c370", 
    "m3-29.grenoble.iot-lab.info": "0662", 
    "m3-29.lille.iot-lab.info": "3658", 
    "m3-29.strasbourg.iot-lab.info": "a284", 
    "m3-290.grenoble.iot-lab.info": "a078", 
    "m3-292.grenoble.iot-lab.info": "9183", 
    "m3-293.grenoble.iot-lab.info": "9475", 
    "m3-294.grenoble.iot-lab.info": "8669", 
    "m3-295.grenoble.iot-lab.info": "9467", 
    "m3-296.grenoble.iot-lab.info": "9069", 
    "m3-297.grenoble.iot-lab.info": "a079", 
    "m3-298.grenoble.iot-lab.info": "b569", 
    "m3-299.grenoble.iot-lab.info": "1362", 
    "m3-3.grenoble.iot-lab.info": "b868", 
    "m3-3.lille.iot-lab.info": "2250", 
    "m3-3.rocquencourt.iot-lab.info": "2453", 
    "m3-3.strasbourg.iot-lab.info": "9787", 
    "m3-30.grenoble.iot-lab.info": "c168", 
    "m3-30.lille.iot-lab.info": "3862", 
    "m3-30.strasbourg.iot-lab.info": "b086", 
    "m3-300.grenoble.iot-lab.info": "8876", 
    "m3-301.grenoble.iot-lab.info": "a675", 
    "m3-302.grenoble.iot-lab.info": "9271", 
    "m3-303.grenoble.iot-lab.info": "a370", 
    "m3-304.grenoble.iot-lab.info": "8877", 
    "m3-305.grenoble.iot-lab.info": "8871", 
    "m3-306.grenoble.iot-lab.info": "9479", 
    "m3-307.grenoble.iot-lab.info": "a082", 
    "m3-308.grenoble.iot-lab.info": "b083", 
    "m3-309.grenoble.iot-lab.info": "c368", 
    "m3-31.grenoble.iot-lab.info": "b377", 
    "m3-31.lille.iot-lab.info": "0761", 
    "m3-31.strasbourg.iot-lab.info": "a885", 
    "m3-310.grenoble.iot-lab.info": "c169", 
    "m3-311.grenoble.iot-lab.info": "a570", 
    "m3-312.grenoble.iot-lab.info": "9782", 
    "m3-313.grenoble.iot-lab.info": "9082", 
    "m3-314.grenoble.iot-lab.info": "9580", 
    "m3-315.grenoble.iot-lab.info": "8882", 
    "m3-316.grenoble.iot-lab.info": "0862", 
    "m3-317.grenoble.iot-lab.info": "b276", 
    "m3-318.grenoble.iot-lab.info": "8370", 
    "m3-319.grenoble.iot-lab.info": "a577", 
    "m3-32.grenoble.iot-lab.info": "a482", 
    "m3-32.lille.iot-lab.info": "1759", 
    "m3-32.strasbourg.iot-lab.info": "b287", 
    "m3-320.grenoble.iot-lab.info": "a477", 
    "m3-321.grenoble.iot-lab.info": "9879", 
    "m3-322.grenoble.iot-lab.info": "b282", 
    "m3-323.grenoble.iot-lab.info": "a777", 
    "m3-324.grenoble.iot-lab.info": "a782", 
    "m3-325.grenoble.iot-lab.info": "9776", 
    "m3-326.grenoble.iot-lab.info": "a480", 
    "m3-327.grenoble.iot-lab.info": "0962", 
    "m3-328.grenoble.iot-lab.info": "9282", 
    "m3-329.grenoble.iot-lab.info": "b177", 
    "m3-33.grenoble.iot-lab.info": "b482", 
    "m3-33.lille.iot-lab.info": "1758", 
    "m3-33.strasbourg.iot-lab.info": "b286", 
    "m3-330.grenoble.iot-lab.info": "b082", 
    "m3-331.grenoble.iot-lab.info": "a282", 
    "m3-332.grenoble.iot-lab.info": "8578", 
    "m3-333.grenoble.iot-lab.info": "a178", 
    "m3-334.grenoble.iot-lab.info": "b782", 
    "m3-335.grenoble.iot-lab.info": "a472", 
    "m3-336.grenoble.iot-lab.info": "9468", 
    "m3-337.grenoble.iot-lab.info": "b279", 
    "m3-338.grenoble.iot-lab.info": "9668", 
    "m3-339.grenoble.iot-lab.info": "9477", 
    "m3-34.grenoble.iot-lab.info": "b968", 
    "m3-34.lille.iot-lab.info": "b373", 
    "m3-34.strasbourg.iot-lab.info": "a786", 
    "m3-340.grenoble.iot-lab.info": "a479", 
    "m3-341.grenoble.iot-lab.info": "b983", 
    "m3-343.grenoble.iot-lab.info": "a568", 
    "m3-344.grenoble.iot-lab.info": "c082", 
    "m3-345.grenoble.iot-lab.info": "9167", 
    "m3-346.grenoble.iot-lab.info": "b669", 
    "m3-347.grenoble.iot-lab.info": "b368", 
    "m3-348.grenoble.iot-lab.info": "9868", 
    "m3-349.grenoble.iot-lab.info": "2553", 
    "m3-35.grenoble.iot-lab.info": "a581", 
    "m3-35.lille.iot-lab.info": "b772", 
    "m3-35.strasbourg.iot-lab.info": "a784", 
    "m3-350.grenoble.iot-lab.info": "8570", 
    "m3-352.grenoble.iot-lab.info": "8870", 
    "m3-353.grenoble.iot-lab.info": "9267", 
    "m3-354.grenoble.iot-lab.info": "9367", 
    "m3-355.grenoble.iot-lab.info": "b479", 
    "m3-356.grenoble.iot-lab.info": "a681", 
    "m3-357.grenoble.iot-lab.info": "8672", 
    "m3-358.grenoble.iot-lab.info": "9378", 
    "m3-359.grenoble.iot-lab.info": "c171", 
    "m3-36.grenoble.iot-lab.info": "b568", 
    "m3-36.lille.iot-lab.info": "b189", 
    "m3-36.strasbourg.iot-lab.info": "9184", 
    "m3-360.grenoble.iot-lab.info": "3360", 
    "m3-361.grenoble.iot-lab.info": "8667", 
    "m3-362.grenoble.iot-lab.info": "2654", 
    "m3-363.grenoble.iot-lab.info": "b883", 
    "m3-364.grenoble.iot-lab.info": "1661", 
    "m3-365.grenoble.iot-lab.info": "3561", 
    "m3-366.grenoble.iot-lab.info": "3060", 
    "m3-367.grenoble.iot-lab.info": "b469", 
    "m3-368.grenoble.iot-lab.info": "2953", 
    "m3-369.grenoble.iot-lab.info": "8567", 
    "m3-37.grenoble.iot-lab.info": "0562", 
    "m3-37.lille.iot-lab.info": "a489", 
    "m3-37.strasbourg.iot-lab.info": "a386", 
    "m3-370.grenoble.iot-lab.info": "a075", 
    "m3-371.grenoble.iot-lab.info": "c077", 
    "m3-372.grenoble.iot-lab.info": "9775", 
    "m3-373.grenoble.iot-lab.info": "1762", 
    "m3-374.grenoble.iot-lab.info": "8575", 
    "m3-375.grenoble.iot-lab.info": "2254", 
    "m3-376.grenoble.iot-lab.info": "a175", 
    "m3-377.grenoble.iot-lab.info": "9484", 
    "m3-378.grenoble.iot-lab.info": "c071", 
    "m3-379.grenoble.iot-lab.info": "3460", 
    "m3-38.grenoble.iot-lab.info": "a181", 
    "m3-38.lille.iot-lab.info": "2151", 
    "m3-38.strasbourg.iot-lab.info": "9589", 
    "m3-380.grenoble.iot-lab.info": "a979", 
    "m3-381.grenoble.iot-lab.info": "1553", 
    "m3-39.grenoble.iot-lab.info": "c078", 
    "m3-39.lille.iot-lab.info": "b271", 
    "m3-39.strasbourg.iot-lab.info": "a184", 
    "m3-4.grenoble.iot-lab.info": "9176", 
    "m3-4.lille.iot-lab.info": "3259", 
    "m3-4.rocquencourt.iot-lab.info": "2061", 
    "m3-4.strasbourg.iot-lab.info": "9388", 
    "m3-40.grenoble.iot-lab.info": "a978", 
    "m3-40.lille.iot-lab.info": "b370", 
    "m3-40.strasbourg.iot-lab.info": "b587", 
    "m3-41.grenoble.iot-lab.info": "b980", 
    "m3-41.lille.iot-lab.info": "b870", 
    "m3-41.strasbourg.iot-lab.info": "9885", 
    "m3-42.grenoble.iot-lab.info": "a476", 
    "m3-42.lille.iot-lab.info": "1757", 
    "m3-42.strasbourg.iot-lab.info": "b186", 
    "m3-43.grenoble.iot-lab.info": "b480", 
    "m3-43.lille.iot-lab.info": "c473", 
    "m3-43.strasbourg.iot-lab.info": "9285", 
    "m3-44.grenoble.iot-lab.info": "c181", 
    "m3-44.lille.iot-lab.info": "1057", 
    "m3-44.strasbourg.iot-lab.info": "9990", 
    "m3-45.grenoble.iot-lab.info": "a872", 
    "m3-45.lille.iot-lab.info": "1161", 
    "m3-45.strasbourg.iot-lab.info": "b385", 
    "m3-46.grenoble.iot-lab.info": "9278", 
    "m3-46.lille.iot-lab.info": "a090", 
    "m3-46.strasbourg.iot-lab.info": "9985", 
    "m3-47.grenoble.iot-lab.info": "c275", 
    "m3-47.lille.iot-lab.info": "a173", 
    "m3-47.strasbourg.iot-lab.info": "a487", 
    "m3-48.grenoble.iot-lab.info": "a780", 
    "m3-48.lille.iot-lab.info": "1651", 
    "m3-48.strasbourg.iot-lab.info": "9789", 
    "m3-49.grenoble.iot-lab.info": "b683", 
    "m3-49.lille.iot-lab.info": "b572", 
    "m3-49.strasbourg.iot-lab.info": "a186", 
    "m3-5.grenoble.iot-lab.info": "a176", 
    "m3-5.lille.iot-lab.info": "1453", 
    "m3-5.rocquencourt.iot-lab.info": "c374", 
    "m3-5.strasbourg.iot-lab.info": "9889", 
    "m3-50.grenoble.iot-lab.info": "8576", 
    "m3-50.lille.iot-lab.info": "c070", 
    "m3-50.strasbourg.iot-lab.info": "b586", 
    "m3-51.grenoble.iot-lab.info": "9472", 
    "m3-51.lille.iot-lab.info": "b071", 
    "m3-51.strasbourg.iot-lab.info": "a585", 
    "m3-52.grenoble.iot-lab.info": "8770", 
    "m3-52.lille.iot-lab.info": "b473", 
    "m3-52.strasbourg.iot-lab.info": "9689", 
    "m3-53.grenoble.iot-lab.info": "a068", 
    "m3-53.lille.iot-lab.info": "b372", 
    "m3-53.strasbourg.iot-lab.info": "9890", 
    "m3-54.grenoble.iot-lab.info": "c180", 
    "m3-54.lille.iot-lab.info": "9773", 
    "m3-54.strasbourg.iot-lab.info": "9788", 
    "m3-55.grenoble.iot-lab.info": "9878", 
    "m3-55.lille.iot-lab.info": "3759", 
    "m3-55.strasbourg.iot-lab.info": "b486", 
    "m3-56.grenoble.iot-lab.info": "8677", 
    "m3-56.lille.iot-lab.info": "a689", 
    "m3-56.strasbourg.iot-lab.info": "a288", 
    "m3-57.grenoble.iot-lab.info": "8577", 
    "m3-57.lille.iot-lab.info": "2755", 
    "m3-57.strasbourg.iot-lab.info": "9986", 
    "m3-58.grenoble.iot-lab.info": "b378", 
    "m3-58.lille.iot-lab.info": "1852", 
    "m3-58.strasbourg.iot-lab.info": "a788", 
    "m3-59.grenoble.iot-lab.info": "b780", 
    "m3-59.lille.iot-lab.info": "2154", 
    "m3-59.strasbourg.iot-lab.info": "9586", 
    "m3-6.grenoble.iot-lab.info": "a682", 
    "m3-6.lille.iot-lab.info": "1255", 
    "m3-6.rocquencourt.iot-lab.info": "2460", 
    "m3-6.strasbourg.iot-lab.info": "9287", 
    "m3-60.grenoble.iot-lab.info": "a579", 
    "m3-60.lille.iot-lab.info": "0961", 
    "m3-60.strasbourg.iot-lab.info": "a686", 
    "m3-61.grenoble.iot-lab.info": "b678", 
    "m3-61.lille.iot-lab.info": "1657", 
    "m3-61.strasbourg.iot-lab.info": "a988", 
    "m3-62.grenoble.iot-lab.info": "8372", 
    "m3-62.lille.iot-lab.info": "3758", 
    "m3-62.strasbourg.iot-lab.info": "b386", 
    "m3-63.grenoble.iot-lab.info": "a169", 
    "m3-63.lille.iot-lab.info": "a673", 
    "m3-63.strasbourg.iot-lab.info": "9887", 
    "m3-64.grenoble.iot-lab.info": "8777", 
    "m3-64.lille.iot-lab.info": "a273", 
    "m3-64.strasbourg.iot-lab.info": "9687", 
    "m3-65.lille.iot-lab.info": "9777", 
    "m3-66.grenoble.iot-lab.info": "b680", 
    "m3-66.lille.iot-lab.info": "a390", 
    "m3-67.grenoble.iot-lab.info": "c268", 
    "m3-67.lille.iot-lab.info": "8574", 
    "m3-68.grenoble.iot-lab.info": "a983", 
    "m3-68.lille.iot-lab.info": "2854", 
    "m3-69.grenoble.iot-lab.info": "9682", 
    "m3-69.lille.iot-lab.info": "9370", 
    "m3-7.grenoble.iot-lab.info": "9883", 
    "m3-7.lille.iot-lab.info": "a590", 
    "m3-7.rocquencourt.iot-lab.info": "1360", 
    "m3-7.strasbourg.iot-lab.info": "b184", 
    "m3-70.grenoble.iot-lab.info": "9067", 
    "m3-70.lille.iot-lab.info": "8774", 
    "m3-71.grenoble.iot-lab.info": "a779", 
    "m3-71.lille.iot-lab.info": "8674", 
    "m3-72.grenoble.iot-lab.info": "8972", 
    "m3-72.lille.iot-lab.info": "a077", 
    "m3-73.lille.iot-lab.info": "1756", 
    "m3-74.grenoble.iot-lab.info": "a171", 
    "m3-74.lille.iot-lab.info": "2852", 
    "m3-75.grenoble.iot-lab.info": "8981", 
    "m3-75.lille.iot-lab.info": "3258", 
    "m3-76.grenoble.iot-lab.info": "9177", 
    "m3-76.lille.iot-lab.info": "2550", 
    "m3-77.grenoble.iot-lab.info": "1462", 
    "m3-77.lille.iot-lab.info": "9977", 
    "m3-78.grenoble.iot-lab.info": "a382", 
    "m3-78.lille.iot-lab.info": "3052", 
    "m3-79.grenoble.iot-lab.info": "b976", 
    "m3-79.lille.iot-lab.info": "9577", 
    "m3-8.grenoble.iot-lab.info": "9983", 
    "m3-8.lille.iot-lab.info": "8974", 
    "m3-8.rocquencourt.iot-lab.info": "3560", 
    "m3-8.strasbourg.iot-lab.info": "a887", 
    "m3-80.grenoble.iot-lab.info": "9476", 
    "m3-80.lille.iot-lab.info": "2256", 
    "m3-81.grenoble.iot-lab.info": "a676", 
    "m3-81.lille.iot-lab.info": "1454", 
    "m3-82.lille.iot-lab.info": "b089", 
    "m3-83.grenoble.iot-lab.info": "a575", 
    "m3-83.lille.iot-lab.info": "1459", 
    "m3-84.grenoble.iot-lab.info": "9769", 
    "m3-84.lille.iot-lab.info": "1556", 
    "m3-85.grenoble.iot-lab.info": "a271", 
    "m3-85.lille.iot-lab.info": "b671", 
    "m3-86.grenoble.iot-lab.info": "a471", 
    "m3-86.lille.iot-lab.info": "b771", 
    "m3-87.grenoble.iot-lab.info": "9277", 
    "m3-87.lille.iot-lab.info": "2258", 
    "m3-88.grenoble.iot-lab.info": "a475", 
    "m3-88.lille.iot-lab.info": "2750", 
    "m3-89.grenoble.iot-lab.info": "9882", 
    "m3-89.lille.iot-lab.info": "3554", 
    "m3-9.grenoble.iot-lab.info": "2162", 
    "m3-9.lille.iot-lab.info": "1055", 
    "m3-9.rocquencourt.iot-lab.info": "2760", 
    "m3-9.strasbourg.iot-lab.info": "b885", 
    "m3-90.grenoble.iot-lab.info": "a878", 
    "m3-90.lille.iot-lab.info": "0956", 
    "m3-91.lille.iot-lab.info": "c170", 
    "m3-92.grenoble.iot-lab.info": "b078", 
    "m3-92.lille.iot-lab.info": "9989", 
    "m3-93.grenoble.iot-lab.info": "3960", 
    "m3-93.lille.iot-lab.info": "9273", 
    "m3-94.grenoble.iot-lab.info": "2960", 
    "m3-94.lille.iot-lab.info": "b272", 
    "m3-95.grenoble.iot-lab.info": "a770", 
    "m3-95.lille.iot-lab.info": "2459", 
    "m3-96.grenoble.iot-lab.info": "b468", 
    "m3-96.lille.iot-lab.info": "0857", 
    "m3-96.strasbourg.iot-lab.info": "9286", 
    "m3-97.grenoble.iot-lab.info": "b179", 
    "m3-97.lille.iot-lab.info": "2555", 
    "m3-98.grenoble.iot-lab.info": "b069", 
    "m3-98.lille.iot-lab.info": "9873", 
    "m3-99.grenoble.iot-lab.info": "b277", 
    "m3-99.lille.iot-lab.info": "9070", 
    "wsn430-1.euratech.iot-lab.info": "c321", 
    "wsn430-1.grenoble.iot-lab.info": "b2ce", 
    "wsn430-1.rennes.iot-lab.info": "caf5", 
    "wsn430-1.strasbourg.iot-lab.info": "c0d8", 
    "wsn430-10.euratech.iot-lab.info": "bcb6", 
    "wsn430-10.grenoble.iot-lab.info": "beed", 
    "wsn430-10.rennes.iot-lab.info": "b344", 
    "wsn430-10.strasbourg.iot-lab.info": "b7b2", 
    "wsn430-100.euratech.iot-lab.info": "b4db", 
    "wsn430-100.grenoble.iot-lab.info": "ba2d", 
    "wsn430-100.strasbourg.iot-lab.info": "bae2", 
    "wsn430-101.euratech.iot-lab.info": "b871", 
    "wsn430-101.grenoble.iot-lab.info": "baa9", 
    "wsn430-101.rennes.iot-lab.info": "1f54", 
    "wsn430-101.strasbourg.iot-lab.info": "bbff", 
    "wsn430-102.euratech.iot-lab.info": "bde6", 
    "wsn430-102.grenoble.iot-lab.info": "bad5", 
    "wsn430-102.rennes.iot-lab.info": "2033", 
    "wsn430-102.strasbourg.iot-lab.info": "c881", 
    "wsn430-103.euratech.iot-lab.info": "bcc4", 
    "wsn430-103.strasbourg.iot-lab.info": "ca54", 
    "wsn430-104.euratech.iot-lab.info": "bef4", 
    "wsn430-104.rennes.iot-lab.info": "bca8", 
    "wsn430-104.strasbourg.iot-lab.info": "c71e", 
    "wsn430-105.euratech.iot-lab.info": "1c9e", 
    "wsn430-105.strasbourg.iot-lab.info": "bb7d", 
    "wsn430-106.euratech.iot-lab.info": "af78", 
    "wsn430-106.rennes.iot-lab.info": "c6ab", 
    "wsn430-106.strasbourg.iot-lab.info": "1f94", 
    "wsn430-107.euratech.iot-lab.info": "cae0", 
    "wsn430-107.strasbourg.iot-lab.info": "b4d8", 
    "wsn430-108.euratech.iot-lab.info": "c3e5", 
    "wsn430-108.strasbourg.iot-lab.info": "cccb", 
    "wsn430-109.euratech.iot-lab.info": "b83b", 
    "wsn430-109.rennes.iot-lab.info": "cb1b", 
    "wsn430-109.strasbourg.iot-lab.info": "be59", 
    "wsn430-11.euratech.iot-lab.info": "c3c4", 
    "wsn430-11.grenoble.iot-lab.info": "bb40", 
    "wsn430-11.rennes.iot-lab.info": "c59b", 
    "wsn430-11.strasbourg.iot-lab.info": "b9f1", 
    "wsn430-110.euratech.iot-lab.info": "bf14", 
    "wsn430-110.rennes.iot-lab.info": "c6cb", 
    "wsn430-110.strasbourg.iot-lab.info": "ceb0", 
    "wsn430-111.euratech.iot-lab.info": "cf2e", 
    "wsn430-111.rennes.iot-lab.info": "c4e2", 
    "wsn430-111.strasbourg.iot-lab.info": "b5e2", 
    "wsn430-112.euratech.iot-lab.info": "bdf3", 
    "wsn430-112.rennes.iot-lab.info": "c409", 
    "wsn430-112.strasbourg.iot-lab.info": "c302", 
    "wsn430-113.euratech.iot-lab.info": "b61a", 
    "wsn430-113.strasbourg.iot-lab.info": "af64", 
    "wsn430-114.euratech.iot-lab.info": "ceb6", 
    "wsn430-114.rennes.iot-lab.info": "cc99", 
    "wsn430-114.strasbourg.iot-lab.info": "ced2", 
    "wsn430-115.euratech.iot-lab.info": "c735", 
    "wsn430-115.strasbourg.iot-lab.info": "ced4", 
    "wsn430-116.euratech.iot-lab.info": "bb0a", 
    "wsn430-116.rennes.iot-lab.info": "cae2", 
    "wsn430-116.strasbourg.iot-lab.info": "203f", 
    "wsn430-117.euratech.iot-lab.info": "c4d2", 
    "wsn430-117.strasbourg.iot-lab.info": "c14d", 
    "wsn430-118.euratech.iot-lab.info": "bce9", 
    "wsn430-118.rennes.iot-lab.info": "bca5", 
    "wsn430-118.strasbourg.iot-lab.info": "b0d7", 
    "wsn430-119.euratech.iot-lab.info": "ba9d", 
    "wsn430-119.rennes.iot-lab.info": "be2a", 
    "wsn430-119.strasbourg.iot-lab.info": "1cc4", 
    "wsn430-12.euratech.iot-lab.info": "c8a8", 
    "wsn430-12.grenoble.iot-lab.info": "c1fe", 
    "wsn430-12.rennes.iot-lab.info": "b429", 
    "wsn430-12.strasbourg.iot-lab.info": "c223", 
    "wsn430-120.euratech.iot-lab.info": "ce3a", 
    "wsn430-120.rennes.iot-lab.info": "c3da", 
    "wsn430-120.strasbourg.iot-lab.info": "bc76", 
    "wsn430-121.euratech.iot-lab.info": "1bfa", 
    "wsn430-121.rennes.iot-lab.info": "b2d4", 
    "wsn430-121.strasbourg.iot-lab.info": "b634", 
    "wsn430-122.euratech.iot-lab.info": "c834", 
    "wsn430-122.rennes.iot-lab.info": "c929", 
    "wsn430-122.strasbourg.iot-lab.info": "af9d", 
    "wsn430-123.euratech.iot-lab.info": "1f91", 
    "wsn430-123.rennes.iot-lab.info": "c24a", 
    "wsn430-123.strasbourg.iot-lab.info": "bc2c", 
    "wsn430-124.euratech.iot-lab.info": "bbb4", 
    "wsn430-124.strasbourg.iot-lab.info": "cb20", 
    "wsn430-125.euratech.iot-lab.info": "1f9e", 
    "wsn430-125.rennes.iot-lab.info": "b225", 
    "wsn430-125.strasbourg.iot-lab.info": "bbfc", 
    "wsn430-126.euratech.iot-lab.info": "c74d", 
    "wsn430-126.grenoble.iot-lab.info": "c3b4", 
    "wsn430-126.strasbourg.iot-lab.info": "c2e8", 
    "wsn430-127.euratech.iot-lab.info": "c6f5", 
    "wsn430-127.grenoble.iot-lab.info": "c38d", 
    "wsn430-127.strasbourg.iot-lab.info": "cd45", 
    "wsn430-128.euratech.iot-lab.info": "b8db", 
    "wsn430-128.grenoble.iot-lab.info": "b5d0", 
    "wsn430-128.rennes.iot-lab.info": "c159", 
    "wsn430-128.strasbourg.iot-lab.info": "b268", 
    "wsn430-129.euratech.iot-lab.info": "1caf", 
    "wsn430-129.grenoble.iot-lab.info": "c9cd", 
    "wsn430-129.rennes.iot-lab.info": "b16d", 
    "wsn430-129.strasbourg.iot-lab.info": "c396", 
    "wsn430-13.euratech.iot-lab.info": "c15b", 
    "wsn430-13.grenoble.iot-lab.info": "b807", 
    "wsn430-13.rennes.iot-lab.info": "c09a", 
    "wsn430-13.strasbourg.iot-lab.info": "c3a0", 
    "wsn430-130.euratech.iot-lab.info": "c92a", 
    "wsn430-130.grenoble.iot-lab.info": "b491", 
    "wsn430-130.strasbourg.iot-lab.info": "c1d4", 
    "wsn430-131.euratech.iot-lab.info": "bba2", 
    "wsn430-131.grenoble.iot-lab.info": "beab", 
    "wsn430-131.strasbourg.iot-lab.info": "ca19", 
    "wsn430-132.euratech.iot-lab.info": "c20a", 
    "wsn430-132.grenoble.iot-lab.info": "b053", 
    "wsn430-132.strasbourg.iot-lab.info": "b54e", 
    "wsn430-133.euratech.iot-lab.info": "cac8", 
    "wsn430-133.grenoble.iot-lab.info": "c349", 
    "wsn430-133.strasbourg.iot-lab.info": "b6be", 
    "wsn430-134.euratech.iot-lab.info": "bdef", 
    "wsn430-134.grenoble.iot-lab.info": "be0f", 
    "wsn430-134.rennes.iot-lab.info": "b370", 
    "wsn430-134.strasbourg.iot-lab.info": "b0db", 
    "wsn430-135.euratech.iot-lab.info": "b798", 
    "wsn430-135.grenoble.iot-lab.info": "b8a3", 
    "wsn430-135.rennes.iot-lab.info": "b973", 
    "wsn430-135.strasbourg.iot-lab.info": "bbe8", 
    "wsn430-136.euratech.iot-lab.info": "c198", 
    "wsn430-136.grenoble.iot-lab.info": "c4d1", 
    "wsn430-136.rennes.iot-lab.info": "ca15", 
    "wsn430-136.strasbourg.iot-lab.info": "cedc", 
    "wsn430-137.euratech.iot-lab.info": "c2d0", 
    "wsn430-137.grenoble.iot-lab.info": "c686", 
    "wsn430-137.strasbourg.iot-lab.info": "c677", 
    "wsn430-138.euratech.iot-lab.info": "bf4d", 
    "wsn430-138.grenoble.iot-lab.info": "bfba", 
    "wsn430-138.strasbourg.iot-lab.info": "c211", 
    "wsn430-139.euratech.iot-lab.info": "c3b1", 
    "wsn430-139.grenoble.iot-lab.info": "baa2", 
    "wsn430-139.rennes.iot-lab.info": "b84e", 
    "wsn430-139.strasbourg.iot-lab.info": "c47f", 
    "wsn430-14.euratech.iot-lab.info": "b034", 
    "wsn430-14.grenoble.iot-lab.info": "b2ca", 
    "wsn430-14.rennes.iot-lab.info": "bd6e", 
    "wsn430-14.strasbourg.iot-lab.info": "cb40", 
    "wsn430-140.euratech.iot-lab.info": "b723", 
    "wsn430-140.grenoble.iot-lab.info": "c529", 
    "wsn430-140.strasbourg.iot-lab.info": "c381", 
    "wsn430-141.euratech.iot-lab.info": "b748", 
    "wsn430-141.grenoble.iot-lab.info": "b7c6", 
    "wsn430-141.rennes.iot-lab.info": "2036", 
    "wsn430-141.strasbourg.iot-lab.info": "b2fa", 
    "wsn430-142.euratech.iot-lab.info": "1bfc", 
    "wsn430-142.grenoble.iot-lab.info": "ccdc", 
    "wsn430-142.rennes.iot-lab.info": "be91", 
    "wsn430-142.strasbourg.iot-lab.info": "caa0", 
    "wsn430-143.euratech.iot-lab.info": "b584", 
    "wsn430-143.grenoble.iot-lab.info": "b74f", 
    "wsn430-143.rennes.iot-lab.info": "b8f2", 
    "wsn430-143.strasbourg.iot-lab.info": "afd3", 
    "wsn430-144.euratech.iot-lab.info": "b18d", 
    "wsn430-144.grenoble.iot-lab.info": "bb93", 
    "wsn430-144.rennes.iot-lab.info": "b301", 
    "wsn430-144.strasbourg.iot-lab.info": "b256", 
    "wsn430-145.euratech.iot-lab.info": "b5c9", 
    "wsn430-145.grenoble.iot-lab.info": "204e", 
    "wsn430-145.rennes.iot-lab.info": "cac1", 
    "wsn430-145.strasbourg.iot-lab.info": "c9d8", 
    "wsn430-146.euratech.iot-lab.info": "c506", 
    "wsn430-146.grenoble.iot-lab.info": "b797", 
    "wsn430-146.strasbourg.iot-lab.info": "cefd", 
    "wsn430-147.euratech.iot-lab.info": "bcd3", 
    "wsn430-147.grenoble.iot-lab.info": "b71f", 
    "wsn430-147.rennes.iot-lab.info": "cb96", 
    "wsn430-147.strasbourg.iot-lab.info": "ba79", 
    "wsn430-148.euratech.iot-lab.info": "cddf", 
    "wsn430-148.grenoble.iot-lab.info": "c98d", 
    "wsn430-148.rennes.iot-lab.info": "bdae", 
    "wsn430-148.strasbourg.iot-lab.info": "b71d", 
    "wsn430-149.euratech.iot-lab.info": "bc46", 
    "wsn430-149.grenoble.iot-lab.info": "bfea", 
    "wsn430-149.rennes.iot-lab.info": "bb1f", 
    "wsn430-149.strasbourg.iot-lab.info": "c7e8", 
    "wsn430-15.euratech.iot-lab.info": "b471", 
    "wsn430-15.grenoble.iot-lab.info": "b020", 
    "wsn430-15.rennes.iot-lab.info": "c0e9", 
    "wsn430-15.strasbourg.iot-lab.info": "bd81", 
    "wsn430-150.euratech.iot-lab.info": "b984", 
    "wsn430-150.grenoble.iot-lab.info": "bfcd", 
    "wsn430-150.rennes.iot-lab.info": "c989", 
    "wsn430-150.strasbourg.iot-lab.info": "c941", 
    "wsn430-151.euratech.iot-lab.info": "ce38", 
    "wsn430-151.grenoble.iot-lab.info": "afb3", 
    "wsn430-151.strasbourg.iot-lab.info": "ba7d", 
    "wsn430-152.euratech.iot-lab.info": "b2b8", 
    "wsn430-152.grenoble.iot-lab.info": "c067", 
    "wsn430-152.rennes.iot-lab.info": "b237", 
    "wsn430-152.strasbourg.iot-lab.info": "ba0b", 
    "wsn430-153.euratech.iot-lab.info": "bc12", 
    "wsn430-153.grenoble.iot-lab.info": "bd0c", 
    "wsn430-153.rennes.iot-lab.info": "bab9", 
    "wsn430-153.strasbourg.iot-lab.info": "b7fe", 
    "wsn430-154.euratech.iot-lab.info": "cb0c", 
    "wsn430-154.grenoble.iot-lab.info": "cc6e", 
    "wsn430-154.rennes.iot-lab.info": "b83d", 
    "wsn430-154.strasbourg.iot-lab.info": "b90e", 
    "wsn430-155.euratech.iot-lab.info": "c5f9", 
    "wsn430-155.grenoble.iot-lab.info": "1f58", 
    "wsn430-155.rennes.iot-lab.info": "b197", 
    "wsn430-155.strasbourg.iot-lab.info": "c84e", 
    "wsn430-156.euratech.iot-lab.info": "b246", 
    "wsn430-156.grenoble.iot-lab.info": "c4de", 
    "wsn430-156.strasbourg.iot-lab.info": "c7ad", 
    "wsn430-157.euratech.iot-lab.info": "c22f", 
    "wsn430-157.grenoble.iot-lab.info": "c84d", 
    "wsn430-157.rennes.iot-lab.info": "b960", 
    "wsn430-157.strasbourg.iot-lab.info": "bd0f", 
    "wsn430-158.euratech.iot-lab.info": "b0e0", 
    "wsn430-158.grenoble.iot-lab.info": "bee7", 
    "wsn430-158.rennes.iot-lab.info": "b69e", 
    "wsn430-158.strasbourg.iot-lab.info": "ce62", 
    "wsn430-159.euratech.iot-lab.info": "cf07", 
    "wsn430-159.grenoble.iot-lab.info": "b5aa", 
    "wsn430-159.rennes.iot-lab.info": "c156", 
    "wsn430-159.strasbourg.iot-lab.info": "b4f8", 
    "wsn430-16.euratech.iot-lab.info": "bbf0", 
    "wsn430-16.rennes.iot-lab.info": "ca0a", 
    "wsn430-16.strasbourg.iot-lab.info": "afa3", 
    "wsn430-160.euratech.iot-lab.info": "b8c6", 
    "wsn430-160.grenoble.iot-lab.info": "cea4", 
    "wsn430-160.rennes.iot-lab.info": "b5df", 
    "wsn430-160.strasbourg.iot-lab.info": "b78d", 
    "wsn430-161.euratech.iot-lab.info": "b282", 
    "wsn430-161.grenoble.iot-lab.info": "c1d2", 
    "wsn430-161.rennes.iot-lab.info": "b0f8", 
    "wsn430-161.strasbourg.iot-lab.info": "bf13", 
    "wsn430-162.grenoble.iot-lab.info": "b961", 
    "wsn430-162.rennes.iot-lab.info": "cc73", 
    "wsn430-162.strasbourg.iot-lab.info": "babf", 
    "wsn430-163.euratech.iot-lab.info": "c534", 
    "wsn430-163.grenoble.iot-lab.info": "b013", 
    "wsn430-163.rennes.iot-lab.info": "bf21", 
    "wsn430-163.strasbourg.iot-lab.info": "bc2e", 
    "wsn430-164.euratech.iot-lab.info": "b31c", 
    "wsn430-164.strasbourg.iot-lab.info": "be2b", 
    "wsn430-165.euratech.iot-lab.info": "bc60", 
    "wsn430-165.strasbourg.iot-lab.info": "b44f", 
    "wsn430-166.euratech.iot-lab.info": "cdba", 
    "wsn430-166.grenoble.iot-lab.info": "bfa1", 
    "wsn430-166.rennes.iot-lab.info": "c6e9", 
    "wsn430-166.strasbourg.iot-lab.info": "c128", 
    "wsn430-167.euratech.iot-lab.info": "c703", 
    "wsn430-167.grenoble.iot-lab.info": "bb56", 
    "wsn430-167.rennes.iot-lab.info": "bc0d", 
    "wsn430-167.strasbourg.iot-lab.info": "c86d", 
    "wsn430-168.euratech.iot-lab.info": "cd29", 
    "wsn430-168.grenoble.iot-lab.info": "ba8c", 
    "wsn430-168.rennes.iot-lab.info": "c8d8", 
    "wsn430-168.strasbourg.iot-lab.info": "b1a2", 
    "wsn430-169.euratech.iot-lab.info": "c3a3", 
    "wsn430-169.grenoble.iot-lab.info": "b8e1", 
    "wsn430-169.rennes.iot-lab.info": "b4a5", 
    "wsn430-169.strasbourg.iot-lab.info": "bdcc", 
    "wsn430-17.euratech.iot-lab.info": "b986", 
    "wsn430-17.grenoble.iot-lab.info": "c631", 
    "wsn430-17.rennes.iot-lab.info": "b583", 
    "wsn430-17.strasbourg.iot-lab.info": "be5a", 
    "wsn430-170.euratech.iot-lab.info": "cc1d", 
    "wsn430-170.rennes.iot-lab.info": "c2ba", 
    "wsn430-170.strasbourg.iot-lab.info": "b8fa", 
    "wsn430-171.euratech.iot-lab.info": "c6ba", 
    "wsn430-171.grenoble.iot-lab.info": "cac7", 
    "wsn430-171.rennes.iot-lab.info": "cecd", 
    "wsn430-171.strasbourg.iot-lab.info": "1c26", 
    "wsn430-172.grenoble.iot-lab.info": "b6c1", 
    "wsn430-172.rennes.iot-lab.info": "1ca1", 
    "wsn430-172.strasbourg.iot-lab.info": "bff3", 
    "wsn430-173.euratech.iot-lab.info": "cc61", 
    "wsn430-173.grenoble.iot-lab.info": "b9c2", 
    "wsn430-173.rennes.iot-lab.info": "b056", 
    "wsn430-173.strasbourg.iot-lab.info": "b7e7", 
    "wsn430-174.euratech.iot-lab.info": "b1f4", 
    "wsn430-174.grenoble.iot-lab.info": "af8d", 
    "wsn430-174.rennes.iot-lab.info": "bb2b", 
    "wsn430-174.strasbourg.iot-lab.info": "cabc", 
    "wsn430-175.euratech.iot-lab.info": "b46b", 
    "wsn430-175.grenoble.iot-lab.info": "b105", 
    "wsn430-175.rennes.iot-lab.info": "cee1", 
    "wsn430-175.strasbourg.iot-lab.info": "c5d6", 
    "wsn430-176.euratech.iot-lab.info": "c7aa", 
    "wsn430-176.grenoble.iot-lab.info": "baa8", 
    "wsn430-176.strasbourg.iot-lab.info": "cb6c", 
    "wsn430-177.euratech.iot-lab.info": "c540", 
    "wsn430-177.grenoble.iot-lab.info": "b650", 
    "wsn430-177.rennes.iot-lab.info": "c4ca", 
    "wsn430-177.strasbourg.iot-lab.info": "cc0a", 
    "wsn430-178.euratech.iot-lab.info": "ba5e", 
    "wsn430-178.grenoble.iot-lab.info": "b097", 
    "wsn430-178.strasbourg.iot-lab.info": "b847", 
    "wsn430-179.euratech.iot-lab.info": "b3bd", 
    "wsn430-179.grenoble.iot-lab.info": "c1fd", 
    "wsn430-179.rennes.iot-lab.info": "b7fb", 
    "wsn430-179.strasbourg.iot-lab.info": "c02a", 
    "wsn430-18.euratech.iot-lab.info": "be29", 
    "wsn430-18.grenoble.iot-lab.info": "cc8b", 
    "wsn430-18.rennes.iot-lab.info": "b8d6", 
    "wsn430-18.strasbourg.iot-lab.info": "1bf9", 
    "wsn430-180.euratech.iot-lab.info": "bc23", 
    "wsn430-180.grenoble.iot-lab.info": "c0ce", 
    "wsn430-180.rennes.iot-lab.info": "b568", 
    "wsn430-180.strasbourg.iot-lab.info": "ba20", 
    "wsn430-181.euratech.iot-lab.info": "c625", 
    "wsn430-181.grenoble.iot-lab.info": "bf9c", 
    "wsn430-181.rennes.iot-lab.info": "cbc6", 
    "wsn430-181.strasbourg.iot-lab.info": "c9d5", 
    "wsn430-182.euratech.iot-lab.info": "bed4", 
    "wsn430-182.grenoble.iot-lab.info": "c938", 
    "wsn430-182.strasbourg.iot-lab.info": "b661", 
    "wsn430-183.euratech.iot-lab.info": "1f7a", 
    "wsn430-183.grenoble.iot-lab.info": "b2d8", 
    "wsn430-183.strasbourg.iot-lab.info": "be23", 
    "wsn430-184.euratech.iot-lab.info": "c1c8", 
    "wsn430-184.grenoble.iot-lab.info": "b01d", 
    "wsn430-184.rennes.iot-lab.info": "b529", 
    "wsn430-184.strasbourg.iot-lab.info": "b7b0", 
    "wsn430-185.euratech.iot-lab.info": "bf29", 
    "wsn430-185.grenoble.iot-lab.info": "c432", 
    "wsn430-185.rennes.iot-lab.info": "b91c", 
    "wsn430-185.strasbourg.iot-lab.info": "b4b9", 
    "wsn430-186.euratech.iot-lab.info": "c304", 
    "wsn430-186.grenoble.iot-lab.info": "2030", 
    "wsn430-186.rennes.iot-lab.info": "bb46", 
    "wsn430-186.strasbourg.iot-lab.info": "bc68", 
    "wsn430-187.euratech.iot-lab.info": "c370", 
    "wsn430-187.grenoble.iot-lab.info": "b31e", 
    "wsn430-187.strasbourg.iot-lab.info": "b7c1", 
    "wsn430-188.euratech.iot-lab.info": "c91c", 
    "wsn430-188.grenoble.iot-lab.info": "cb9b", 
    "wsn430-188.rennes.iot-lab.info": "b6c0", 
    "wsn430-188.strasbourg.iot-lab.info": "b7f7", 
    "wsn430-189.euratech.iot-lab.info": "c035", 
    "wsn430-189.grenoble.iot-lab.info": "ba2e", 
    "wsn430-189.rennes.iot-lab.info": "c28c", 
    "wsn430-189.strasbourg.iot-lab.info": "1cad", 
    "wsn430-19.euratech.iot-lab.info": "c102", 
    "wsn430-19.grenoble.iot-lab.info": "b03d", 
    "wsn430-19.rennes.iot-lab.info": "c579", 
    "wsn430-19.strasbourg.iot-lab.info": "bca1", 
    "wsn430-190.euratech.iot-lab.info": "c5fe", 
    "wsn430-190.grenoble.iot-lab.info": "b1b2", 
    "wsn430-190.strasbourg.iot-lab.info": "1f7b", 
    "wsn430-191.euratech.iot-lab.info": "c913", 
    "wsn430-191.grenoble.iot-lab.info": "b916", 
    "wsn430-191.rennes.iot-lab.info": "b9c1", 
    "wsn430-191.strasbourg.iot-lab.info": "b5c4", 
    "wsn430-192.euratech.iot-lab.info": "ce49", 
    "wsn430-192.grenoble.iot-lab.info": "c15f", 
    "wsn430-192.strasbourg.iot-lab.info": "bfb7", 
    "wsn430-193.euratech.iot-lab.info": "bbda", 
    "wsn430-193.grenoble.iot-lab.info": "1f69", 
    "wsn430-193.rennes.iot-lab.info": "1f3e", 
    "wsn430-193.strasbourg.iot-lab.info": "b9dd", 
    "wsn430-194.euratech.iot-lab.info": "aff2", 
    "wsn430-194.grenoble.iot-lab.info": "b8df", 
    "wsn430-194.rennes.iot-lab.info": "c121", 
    "wsn430-194.strasbourg.iot-lab.info": "cd65", 
    "wsn430-195.euratech.iot-lab.info": "cae8", 
    "wsn430-195.grenoble.iot-lab.info": "cde9", 
    "wsn430-195.rennes.iot-lab.info": "b55a", 
    "wsn430-195.strasbourg.iot-lab.info": "c790", 
    "wsn430-196.euratech.iot-lab.info": "bdd1", 
    "wsn430-196.grenoble.iot-lab.info": "b355", 
    "wsn430-196.rennes.iot-lab.info": "cd54", 
    "wsn430-196.strasbourg.iot-lab.info": "b9cf", 
    "wsn430-197.euratech.iot-lab.info": "b68e", 
    "wsn430-197.grenoble.iot-lab.info": "ced8", 
    "wsn430-197.rennes.iot-lab.info": "b478", 
    "wsn430-197.strasbourg.iot-lab.info": "b37d", 
    "wsn430-198.euratech.iot-lab.info": "cb6a", 
    "wsn430-198.grenoble.iot-lab.info": "cb46", 
    "wsn430-198.rennes.iot-lab.info": "c668", 
    "wsn430-198.strasbourg.iot-lab.info": "c0c2", 
    "wsn430-199.euratech.iot-lab.info": "cc68", 
    "wsn430-199.grenoble.iot-lab.info": "c863", 
    "wsn430-199.strasbourg.iot-lab.info": "bcff", 
    "wsn430-2.euratech.iot-lab.info": "c23a", 
    "wsn430-2.grenoble.iot-lab.info": "bdc0", 
    "wsn430-2.rennes.iot-lab.info": "ca73", 
    "wsn430-2.strasbourg.iot-lab.info": "b2a7", 
    "wsn430-20.euratech.iot-lab.info": "b0b4", 
    "wsn430-20.grenoble.iot-lab.info": "c24c", 
    "wsn430-20.rennes.iot-lab.info": "beeb", 
    "wsn430-20.strasbourg.iot-lab.info": "c1c3", 
    "wsn430-200.euratech.iot-lab.info": "c36b", 
    "wsn430-200.grenoble.iot-lab.info": "bf1e", 
    "wsn430-200.rennes.iot-lab.info": "b751", 
    "wsn430-200.strasbourg.iot-lab.info": "b162", 
    "wsn430-201.euratech.iot-lab.info": "c416", 
    "wsn430-201.grenoble.iot-lab.info": "c311", 
    "wsn430-201.rennes.iot-lab.info": "1f6b", 
    "wsn430-201.strasbourg.iot-lab.info": "b36d", 
    "wsn430-202.euratech.iot-lab.info": "b863", 
    "wsn430-202.grenoble.iot-lab.info": "b4f0", 
    "wsn430-202.rennes.iot-lab.info": "c268", 
    "wsn430-202.strasbourg.iot-lab.info": "afa5", 
    "wsn430-203.euratech.iot-lab.info": "bd65", 
    "wsn430-203.grenoble.iot-lab.info": "cebe", 
    "wsn430-203.rennes.iot-lab.info": "c487", 
    "wsn430-203.strasbourg.iot-lab.info": "bce0", 
    "wsn430-204.euratech.iot-lab.info": "c23c", 
    "wsn430-204.grenoble.iot-lab.info": "b6b3", 
    "wsn430-204.rennes.iot-lab.info": "c427", 
    "wsn430-204.strasbourg.iot-lab.info": "c610", 
    "wsn430-205.euratech.iot-lab.info": "bd5c", 
    "wsn430-205.grenoble.iot-lab.info": "b5d5", 
    "wsn430-205.rennes.iot-lab.info": "c5cf", 
    "wsn430-205.strasbourg.iot-lab.info": "b4f2", 
    "wsn430-206.euratech.iot-lab.info": "ce56", 
    "wsn430-206.grenoble.iot-lab.info": "c8fd", 
    "wsn430-206.strasbourg.iot-lab.info": "bc93", 
    "wsn430-207.euratech.iot-lab.info": "c447", 
    "wsn430-207.grenoble.iot-lab.info": "b8f3", 
    "wsn430-207.rennes.iot-lab.info": "c091", 
    "wsn430-207.strasbourg.iot-lab.info": "cadf", 
    "wsn430-208.grenoble.iot-lab.info": "ca86", 
    "wsn430-208.strasbourg.iot-lab.info": "c324", 
    "wsn430-209.euratech.iot-lab.info": "ce00", 
    "wsn430-209.rennes.iot-lab.info": "c980", 
    "wsn430-209.strasbourg.iot-lab.info": "bf07", 
    "wsn430-21.euratech.iot-lab.info": "afc7", 
    "wsn430-21.grenoble.iot-lab.info": "cc0d", 
    "wsn430-21.rennes.iot-lab.info": "c5e7", 
    "wsn430-21.strasbourg.iot-lab.info": "c6ce", 
    "wsn430-210.euratech.iot-lab.info": "c117", 
    "wsn430-210.grenoble.iot-lab.info": "cf50", 
    "wsn430-210.strasbourg.iot-lab.info": "cd83", 
    "wsn430-211.euratech.iot-lab.info": "1f43", 
    "wsn430-211.grenoble.iot-lab.info": "bfb3", 
    "wsn430-211.rennes.iot-lab.info": "bf0b", 
    "wsn430-211.strasbourg.iot-lab.info": "ce46", 
    "wsn430-212.euratech.iot-lab.info": "c2c8", 
    "wsn430-212.grenoble.iot-lab.info": "b72f", 
    "wsn430-212.rennes.iot-lab.info": "cbd4", 
    "wsn430-212.strasbourg.iot-lab.info": "ba40", 
    "wsn430-213.euratech.iot-lab.info": "af75", 
    "wsn430-213.grenoble.iot-lab.info": "c08f", 
    "wsn430-213.rennes.iot-lab.info": "c32a", 
    "wsn430-213.strasbourg.iot-lab.info": "b37a", 
    "wsn430-214.euratech.iot-lab.info": "b98e", 
    "wsn430-214.grenoble.iot-lab.info": "b7e4", 
    "wsn430-214.rennes.iot-lab.info": "caeb", 
    "wsn430-214.strasbourg.iot-lab.info": "c8bf", 
    "wsn430-215.euratech.iot-lab.info": "bd00", 
    "wsn430-215.grenoble.iot-lab.info": "c00a", 
    "wsn430-215.rennes.iot-lab.info": "c34c", 
    "wsn430-215.strasbourg.iot-lab.info": "bec0", 
    "wsn430-216.euratech.iot-lab.info": "bbe4", 
    "wsn430-216.grenoble.iot-lab.info": "cdfc", 
    "wsn430-216.rennes.iot-lab.info": "cbfd", 
    "wsn430-216.strasbourg.iot-lab.info": "2037", 
    "wsn430-217.euratech.iot-lab.info": "c013", 
    "wsn430-217.grenoble.iot-lab.info": "b451", 
    "wsn430-217.rennes.iot-lab.info": "bac7", 
    "wsn430-217.strasbourg.iot-lab.info": "ce48", 
    "wsn430-218.euratech.iot-lab.info": "1f71", 
    "wsn430-218.grenoble.iot-lab.info": "b48c", 
    "wsn430-218.rennes.iot-lab.info": "be83", 
    "wsn430-218.strasbourg.iot-lab.info": "b814", 
    "wsn430-219.euratech.iot-lab.info": "c2b8", 
    "wsn430-219.grenoble.iot-lab.info": "c3ee", 
    "wsn430-219.rennes.iot-lab.info": "bbbf", 
    "wsn430-219.strasbourg.iot-lab.info": "b8a6", 
    "wsn430-22.euratech.iot-lab.info": "bc13", 
    "wsn430-22.grenoble.iot-lab.info": "b047", 
    "wsn430-22.rennes.iot-lab.info": "c2bb", 
    "wsn430-22.strasbourg.iot-lab.info": "c5d4", 
    "wsn430-220.euratech.iot-lab.info": "c839", 
    "wsn430-220.grenoble.iot-lab.info": "b8c3", 
    "wsn430-220.rennes.iot-lab.info": "c4a9", 
    "wsn430-220.strasbourg.iot-lab.info": "bdb9", 
    "wsn430-221.euratech.iot-lab.info": "b2ee", 
    "wsn430-221.grenoble.iot-lab.info": "b7b6", 
    "wsn430-221.strasbourg.iot-lab.info": "b675", 
    "wsn430-222.euratech.iot-lab.info": "bd79", 
    "wsn430-222.grenoble.iot-lab.info": "b15e", 
    "wsn430-222.rennes.iot-lab.info": "c03a", 
    "wsn430-222.strasbourg.iot-lab.info": "b75f", 
    "wsn430-223.euratech.iot-lab.info": "b73b", 
    "wsn430-223.grenoble.iot-lab.info": "b434", 
    "wsn430-223.rennes.iot-lab.info": "c995", 
    "wsn430-223.strasbourg.iot-lab.info": "afeb", 
    "wsn430-224.euratech.iot-lab.info": "cd89", 
    "wsn430-224.grenoble.iot-lab.info": "ccb0", 
    "wsn430-224.rennes.iot-lab.info": "b50e", 
    "wsn430-224.strasbourg.iot-lab.info": "b42a", 
    "wsn430-225.grenoble.iot-lab.info": "cc9f", 
    "wsn430-225.rennes.iot-lab.info": "afbf", 
    "wsn430-225.strasbourg.iot-lab.info": "b63a", 
    "wsn430-226.grenoble.iot-lab.info": "c836", 
    "wsn430-226.rennes.iot-lab.info": "b5a6", 
    "wsn430-226.strasbourg.iot-lab.info": "bf23", 
    "wsn430-227.grenoble.iot-lab.info": "ca8a", 
    "wsn430-227.rennes.iot-lab.info": "bb26", 
    "wsn430-227.strasbourg.iot-lab.info": "bff9", 
    "wsn430-228.grenoble.iot-lab.info": "cd71", 
    "wsn430-228.rennes.iot-lab.info": "c930", 
    "wsn430-228.strasbourg.iot-lab.info": "c1cd", 
    "wsn430-229.grenoble.iot-lab.info": "b2c4", 
    "wsn430-229.rennes.iot-lab.info": "b5ea", 
    "wsn430-229.strasbourg.iot-lab.info": "b38d", 
    "wsn430-23.euratech.iot-lab.info": "b2bb", 
    "wsn430-23.grenoble.iot-lab.info": "bc97", 
    "wsn430-23.strasbourg.iot-lab.info": "ba38", 
    "wsn430-230.grenoble.iot-lab.info": "b33f", 
    "wsn430-230.rennes.iot-lab.info": "bc51", 
    "wsn430-230.strasbourg.iot-lab.info": "ce99", 
    "wsn430-231.grenoble.iot-lab.info": "c31a", 
    "wsn430-231.rennes.iot-lab.info": "c708", 
    "wsn430-231.strasbourg.iot-lab.info": "b169", 
    "wsn430-232.grenoble.iot-lab.info": "b565", 
    "wsn430-232.strasbourg.iot-lab.info": "c6c5", 
    "wsn430-233.grenoble.iot-lab.info": "b700", 
    "wsn430-233.rennes.iot-lab.info": "bd10", 
    "wsn430-233.strasbourg.iot-lab.info": "b8e7", 
    "wsn430-234.grenoble.iot-lab.info": "c63c", 
    "wsn430-234.rennes.iot-lab.info": "b176", 
    "wsn430-234.strasbourg.iot-lab.info": "c394", 
    "wsn430-235.grenoble.iot-lab.info": "c5cc", 
    "wsn430-235.rennes.iot-lab.info": "b6d3", 
    "wsn430-235.strasbourg.iot-lab.info": "b109", 
    "wsn430-236.grenoble.iot-lab.info": "cee7", 
    "wsn430-236.rennes.iot-lab.info": "c406", 
    "wsn430-236.strasbourg.iot-lab.info": "bbe0", 
    "wsn430-237.grenoble.iot-lab.info": "c543", 
    "wsn430-237.rennes.iot-lab.info": "b7c3", 
    "wsn430-237.strasbourg.iot-lab.info": "cdef", 
    "wsn430-238.grenoble.iot-lab.info": "ce47", 
    "wsn430-238.rennes.iot-lab.info": "b2fc", 
    "wsn430-238.strasbourg.iot-lab.info": "cb29", 
    "wsn430-239.grenoble.iot-lab.info": "c108", 
    "wsn430-239.rennes.iot-lab.info": "cd7d", 
    "wsn430-239.strasbourg.iot-lab.info": "b38f", 
    "wsn430-24.euratech.iot-lab.info": "c6df", 
    "wsn430-24.grenoble.iot-lab.info": "c13d", 
    "wsn430-24.rennes.iot-lab.info": "cb97", 
    "wsn430-24.strasbourg.iot-lab.info": "1f59", 
    "wsn430-240.grenoble.iot-lab.info": "bc0f", 
    "wsn430-240.rennes.iot-lab.info": "b299", 
    "wsn430-240.strasbourg.iot-lab.info": "b89b", 
    "wsn430-241.grenoble.iot-lab.info": "ca22", 
    "wsn430-241.rennes.iot-lab.info": "bce7", 
    "wsn430-242.grenoble.iot-lab.info": "c6c4", 
    "wsn430-242.rennes.iot-lab.info": "cbe0", 
    "wsn430-243.grenoble.iot-lab.info": "b14d", 
    "wsn430-243.rennes.iot-lab.info": "be33", 
    "wsn430-244.grenoble.iot-lab.info": "b8c8", 
    "wsn430-244.rennes.iot-lab.info": "cf28", 
    "wsn430-245.grenoble.iot-lab.info": "ce6c", 
    "wsn430-245.rennes.iot-lab.info": "c84f", 
    "wsn430-246.grenoble.iot-lab.info": "bdf0", 
    "wsn430-247.grenoble.iot-lab.info": "c819", 
    "wsn430-247.rennes.iot-lab.info": "b883", 
    "wsn430-248.grenoble.iot-lab.info": "b4e4", 
    "wsn430-249.grenoble.iot-lab.info": "c94e", 
    "wsn430-249.rennes.iot-lab.info": "c60b", 
    "wsn430-25.euratech.iot-lab.info": "c4c8", 
    "wsn430-25.grenoble.iot-lab.info": "bed2", 
    "wsn430-25.rennes.iot-lab.info": "b4bc", 
    "wsn430-25.strasbourg.iot-lab.info": "b862", 
    "wsn430-250.grenoble.iot-lab.info": "c8fb", 
    "wsn430-250.rennes.iot-lab.info": "c93b", 
    "wsn430-251.rennes.iot-lab.info": "bcca", 
    "wsn430-252.grenoble.iot-lab.info": "c4ed", 
    "wsn430-252.rennes.iot-lab.info": "c615", 
    "wsn430-253.grenoble.iot-lab.info": "b669", 
    "wsn430-253.rennes.iot-lab.info": "b7d1", 
    "wsn430-254.grenoble.iot-lab.info": "cd4c", 
    "wsn430-254.rennes.iot-lab.info": "b490", 
    "wsn430-255.rennes.iot-lab.info": "c479", 
    "wsn430-256.rennes.iot-lab.info": "bc67", 
    "wsn430-26.euratech.iot-lab.info": "c26d", 
    "wsn430-26.grenoble.iot-lab.info": "b1cb", 
    "wsn430-26.strasbourg.iot-lab.info": "b5e1", 
    "wsn430-27.euratech.iot-lab.info": "b966", 
    "wsn430-27.grenoble.iot-lab.info": "b94f", 
    "wsn430-27.rennes.iot-lab.info": "c89a", 
    "wsn430-27.strasbourg.iot-lab.info": "bb10", 
    "wsn430-28.euratech.iot-lab.info": "cbf3", 
    "wsn430-28.grenoble.iot-lab.info": "c33e", 
    "wsn430-28.rennes.iot-lab.info": "c32c", 
    "wsn430-28.strasbourg.iot-lab.info": "c68a", 
    "wsn430-29.euratech.iot-lab.info": "b538", 
    "wsn430-29.grenoble.iot-lab.info": "1cbe", 
    "wsn430-29.rennes.iot-lab.info": "b792", 
    "wsn430-29.strasbourg.iot-lab.info": "b576", 
    "wsn430-3.euratech.iot-lab.info": "cf17", 
    "wsn430-3.grenoble.iot-lab.info": "cdf2", 
    "wsn430-3.rennes.iot-lab.info": "c88c", 
    "wsn430-3.strasbourg.iot-lab.info": "c6f0", 
    "wsn430-30.euratech.iot-lab.info": "c946", 
    "wsn430-30.grenoble.iot-lab.info": "ccc8", 
    "wsn430-30.strasbourg.iot-lab.info": "b343", 
    "wsn430-31.euratech.iot-lab.info": "c469", 
    "wsn430-31.grenoble.iot-lab.info": "b1a5", 
    "wsn430-31.rennes.iot-lab.info": "c7a8", 
    "wsn430-31.strasbourg.iot-lab.info": "c19f", 
    "wsn430-32.euratech.iot-lab.info": "cafe", 
    "wsn430-32.grenoble.iot-lab.info": "b63b", 
    "wsn430-32.rennes.iot-lab.info": "ba43", 
    "wsn430-32.strasbourg.iot-lab.info": "1cef", 
    "wsn430-33.euratech.iot-lab.info": "c6dc", 
    "wsn430-33.grenoble.iot-lab.info": "c78e", 
    "wsn430-33.strasbourg.iot-lab.info": "c225", 
    "wsn430-34.euratech.iot-lab.info": "afad", 
    "wsn430-34.grenoble.iot-lab.info": "b902", 
    "wsn430-34.rennes.iot-lab.info": "c7cf", 
    "wsn430-34.strasbourg.iot-lab.info": "bc7a", 
    "wsn430-35.euratech.iot-lab.info": "b54f", 
    "wsn430-35.grenoble.iot-lab.info": "c443", 
    "wsn430-35.rennes.iot-lab.info": "b920", 
    "wsn430-36.euratech.iot-lab.info": "c92c", 
    "wsn430-36.grenoble.iot-lab.info": "b615", 
    "wsn430-36.strasbourg.iot-lab.info": "c262", 
    "wsn430-37.euratech.iot-lab.info": "b468", 
    "wsn430-37.grenoble.iot-lab.info": "cf33", 
    "wsn430-37.strasbourg.iot-lab.info": "ba7f", 
    "wsn430-38.euratech.iot-lab.info": "c2b6", 
    "wsn430-38.grenoble.iot-lab.info": "b8bd", 
    "wsn430-38.rennes.iot-lab.info": "b81d", 
    "wsn430-38.strasbourg.iot-lab.info": "b614", 
    "wsn430-39.euratech.iot-lab.info": "c69d", 
    "wsn430-39.grenoble.iot-lab.info": "b32d", 
    "wsn430-39.rennes.iot-lab.info": "b525", 
    "wsn430-39.strasbourg.iot-lab.info": "be35", 
    "wsn430-4.euratech.iot-lab.info": "bd11", 
    "wsn430-4.grenoble.iot-lab.info": "c6c0", 
    "wsn430-4.strasbourg.iot-lab.info": "bcab", 
    "wsn430-40.euratech.iot-lab.info": "c0e8", 
    "wsn430-40.grenoble.iot-lab.info": "c21d", 
    "wsn430-40.rennes.iot-lab.info": "c032", 
    "wsn430-40.strasbourg.iot-lab.info": "b9a0", 
    "wsn430-41.euratech.iot-lab.info": "cdec", 
    "wsn430-41.grenoble.iot-lab.info": "c216", 
    "wsn430-41.rennes.iot-lab.info": "c475", 
    "wsn430-41.strasbourg.iot-lab.info": "c9fa", 
    "wsn430-42.euratech.iot-lab.info": "c721", 
    "wsn430-42.grenoble.iot-lab.info": "ca2d", 
    "wsn430-42.rennes.iot-lab.info": "b192", 
    "wsn430-42.strasbourg.iot-lab.info": "b42e", 
    "wsn430-43.euratech.iot-lab.info": "c7f0", 
    "wsn430-43.grenoble.iot-lab.info": "c7ee", 
    "wsn430-43.rennes.iot-lab.info": "bcd2", 
    "wsn430-43.strasbourg.iot-lab.info": "c935", 
    "wsn430-44.euratech.iot-lab.info": "c8f3", 
    "wsn430-44.grenoble.iot-lab.info": "bb04", 
    "wsn430-44.rennes.iot-lab.info": "c632", 
    "wsn430-44.strasbourg.iot-lab.info": "bdd3", 
    "wsn430-45.grenoble.iot-lab.info": "c878", 
    "wsn430-45.rennes.iot-lab.info": "c7c8", 
    "wsn430-45.strasbourg.iot-lab.info": "b957", 
    "wsn430-46.euratech.iot-lab.info": "b2bf", 
    "wsn430-46.grenoble.iot-lab.info": "b85a", 
    "wsn430-46.strasbourg.iot-lab.info": "c87f", 
    "wsn430-47.euratech.iot-lab.info": "bd2d", 
    "wsn430-47.grenoble.iot-lab.info": "b2f9", 
    "wsn430-47.strasbourg.iot-lab.info": "cdac", 
    "wsn430-48.euratech.iot-lab.info": "be4d", 
    "wsn430-48.grenoble.iot-lab.info": "bd6f", 
    "wsn430-48.strasbourg.iot-lab.info": "bf84", 
    "wsn430-49.euratech.iot-lab.info": "b843", 
    "wsn430-49.grenoble.iot-lab.info": "c2f6", 
    "wsn430-49.rennes.iot-lab.info": "1f52", 
    "wsn430-49.strasbourg.iot-lab.info": "cf14", 
    "wsn430-5.grenoble.iot-lab.info": "b27c", 
    "wsn430-5.rennes.iot-lab.info": "b1c3", 
    "wsn430-5.strasbourg.iot-lab.info": "c66a", 
    "wsn430-50.euratech.iot-lab.info": "ba95", 
    "wsn430-50.grenoble.iot-lab.info": "c18d", 
    "wsn430-50.rennes.iot-lab.info": "cf06", 
    "wsn430-50.strasbourg.iot-lab.info": "c605", 
    "wsn430-51.euratech.iot-lab.info": "ba46", 
    "wsn430-51.grenoble.iot-lab.info": "c474", 
    "wsn430-51.rennes.iot-lab.info": "b1b6", 
    "wsn430-51.strasbourg.iot-lab.info": "af8a", 
    "wsn430-52.euratech.iot-lab.info": "be4b", 
    "wsn430-52.grenoble.iot-lab.info": "c4bb", 
    "wsn430-52.rennes.iot-lab.info": "c713", 
    "wsn430-52.strasbourg.iot-lab.info": "c35d", 
    "wsn430-53.euratech.iot-lab.info": "b95f", 
    "wsn430-53.grenoble.iot-lab.info": "b384", 
    "wsn430-53.rennes.iot-lab.info": "be69", 
    "wsn430-53.strasbourg.iot-lab.info": "ca60", 
    "wsn430-54.euratech.iot-lab.info": "1ce4", 
    "wsn430-54.grenoble.iot-lab.info": "b0a8", 
    "wsn430-54.rennes.iot-lab.info": "c41c", 
    "wsn430-54.strasbourg.iot-lab.info": "c09b", 
    "wsn430-55.euratech.iot-lab.info": "c87e", 
    "wsn430-55.grenoble.iot-lab.info": "bfc4", 
    "wsn430-55.rennes.iot-lab.info": "b1ce", 
    "wsn430-55.strasbourg.iot-lab.info": "c4aa", 
    "wsn430-56.euratech.iot-lab.info": "b2f6", 
    "wsn430-56.grenoble.iot-lab.info": "c597", 
    "wsn430-56.rennes.iot-lab.info": "bf0e", 
    "wsn430-56.strasbourg.iot-lab.info": "ca01", 
    "wsn430-57.euratech.iot-lab.info": "c4c2", 
    "wsn430-57.grenoble.iot-lab.info": "c90d", 
    "wsn430-57.rennes.iot-lab.info": "b7a4", 
    "wsn430-57.strasbourg.iot-lab.info": "bb25", 
    "wsn430-58.euratech.iot-lab.info": "cbe9", 
    "wsn430-58.grenoble.iot-lab.info": "ca91", 
    "wsn430-58.rennes.iot-lab.info": "b712", 
    "wsn430-58.strasbourg.iot-lab.info": "b7af", 
    "wsn430-59.euratech.iot-lab.info": "c5c8", 
    "wsn430-59.grenoble.iot-lab.info": "b35b", 
    "wsn430-59.rennes.iot-lab.info": "cf01", 
    "wsn430-59.strasbourg.iot-lab.info": "b057", 
    "wsn430-6.euratech.iot-lab.info": "ccaa", 
    "wsn430-6.grenoble.iot-lab.info": "bfc6", 
    "wsn430-6.strasbourg.iot-lab.info": "b222", 
    "wsn430-60.euratech.iot-lab.info": "c3d6", 
    "wsn430-60.grenoble.iot-lab.info": "bba0", 
    "wsn430-60.rennes.iot-lab.info": "b4a4", 
    "wsn430-60.strasbourg.iot-lab.info": "cf0a", 
    "wsn430-61.euratech.iot-lab.info": "c088", 
    "wsn430-61.grenoble.iot-lab.info": "b328", 
    "wsn430-61.strasbourg.iot-lab.info": "ca27", 
    "wsn430-62.euratech.iot-lab.info": "c11c", 
    "wsn430-62.grenoble.iot-lab.info": "b7a5", 
    "wsn430-62.rennes.iot-lab.info": "ca5a", 
    "wsn430-62.strasbourg.iot-lab.info": "cb57", 
    "wsn430-63.euratech.iot-lab.info": "c11e", 
    "wsn430-63.grenoble.iot-lab.info": "c7b0", 
    "wsn430-63.rennes.iot-lab.info": "b469", 
    "wsn430-63.strasbourg.iot-lab.info": "cbaf", 
    "wsn430-64.euratech.iot-lab.info": "bf1c", 
    "wsn430-64.grenoble.iot-lab.info": "c873", 
    "wsn430-64.rennes.iot-lab.info": "b3fc", 
    "wsn430-64.strasbourg.iot-lab.info": "c7de", 
    "wsn430-65.euratech.iot-lab.info": "bc63", 
    "wsn430-65.grenoble.iot-lab.info": "c04d", 
    "wsn430-65.rennes.iot-lab.info": "c3bd", 
    "wsn430-65.strasbourg.iot-lab.info": "bcf4", 
    "wsn430-66.euratech.iot-lab.info": "c8ad", 
    "wsn430-66.grenoble.iot-lab.info": "c5b5", 
    "wsn430-66.rennes.iot-lab.info": "c73e", 
    "wsn430-66.strasbourg.iot-lab.info": "bf80", 
    "wsn430-67.euratech.iot-lab.info": "c286", 
    "wsn430-67.grenoble.iot-lab.info": "c115", 
    "wsn430-67.rennes.iot-lab.info": "bc5a", 
    "wsn430-67.strasbourg.iot-lab.info": "bdb0", 
    "wsn430-68.euratech.iot-lab.info": "bc48", 
    "wsn430-68.grenoble.iot-lab.info": "be03", 
    "wsn430-68.rennes.iot-lab.info": "c872", 
    "wsn430-68.strasbourg.iot-lab.info": "be6b", 
    "wsn430-69.euratech.iot-lab.info": "ced3", 
    "wsn430-69.grenoble.iot-lab.info": "bfa6", 
    "wsn430-69.rennes.iot-lab.info": "be7c", 
    "wsn430-69.strasbourg.iot-lab.info": "cd74", 
    "wsn430-7.euratech.iot-lab.info": "b154", 
    "wsn430-7.grenoble.iot-lab.info": "b39e", 
    "wsn430-7.rennes.iot-lab.info": "b704", 
    "wsn430-7.strasbourg.iot-lab.info": "b012", 
    "wsn430-70.grenoble.iot-lab.info": "be64", 
    "wsn430-70.strasbourg.iot-lab.info": "b7e2", 
    "wsn430-71.euratech.iot-lab.info": "c689", 
    "wsn430-71.grenoble.iot-lab.info": "c596", 
    "wsn430-71.strasbourg.iot-lab.info": "cc5e", 
    "wsn430-72.euratech.iot-lab.info": "c0dc", 
    "wsn430-72.grenoble.iot-lab.info": "c01c", 
    "wsn430-72.strasbourg.iot-lab.info": "b467", 
    "wsn430-73.euratech.iot-lab.info": "b01f", 
    "wsn430-73.grenoble.iot-lab.info": "c8dd", 
    "wsn430-73.strasbourg.iot-lab.info": "cecf", 
    "wsn430-74.grenoble.iot-lab.info": "b18b", 
    "wsn430-74.rennes.iot-lab.info": "c33c", 
    "wsn430-74.strasbourg.iot-lab.info": "cd64", 
    "wsn430-75.euratech.iot-lab.info": "cb78", 
    "wsn430-75.grenoble.iot-lab.info": "bfc5", 
    "wsn430-75.rennes.iot-lab.info": "1c06", 
    "wsn430-75.strasbourg.iot-lab.info": "c9cf", 
    "wsn430-76.euratech.iot-lab.info": "cced", 
    "wsn430-76.grenoble.iot-lab.info": "b0e9", 
    "wsn430-76.rennes.iot-lab.info": "b0c1", 
    "wsn430-76.strasbourg.iot-lab.info": "b23c", 
    "wsn430-77.euratech.iot-lab.info": "cb08", 
    "wsn430-77.grenoble.iot-lab.info": "1fa0", 
    "wsn430-77.rennes.iot-lab.info": "c760", 
    "wsn430-77.strasbourg.iot-lab.info": "cd18", 
    "wsn430-78.euratech.iot-lab.info": "c973", 
    "wsn430-78.grenoble.iot-lab.info": "b2ba", 
    "wsn430-78.rennes.iot-lab.info": "b775", 
    "wsn430-78.strasbourg.iot-lab.info": "bb3a", 
    "wsn430-79.euratech.iot-lab.info": "c241", 
    "wsn430-79.grenoble.iot-lab.info": "b1ae", 
    "wsn430-79.strasbourg.iot-lab.info": "c987", 
    "wsn430-8.euratech.iot-lab.info": "b27b", 
    "wsn430-8.grenoble.iot-lab.info": "b07f", 
    "wsn430-8.rennes.iot-lab.info": "c351", 
    "wsn430-8.strasbourg.iot-lab.info": "c5ac", 
    "wsn430-80.euratech.iot-lab.info": "babc", 
    "wsn430-80.grenoble.iot-lab.info": "b89a", 
    "wsn430-80.rennes.iot-lab.info": "c5b4", 
    "wsn430-80.strasbourg.iot-lab.info": "c8ea", 
    "wsn430-81.euratech.iot-lab.info": "b5f1", 
    "wsn430-81.grenoble.iot-lab.info": "b41e", 
    "wsn430-81.rennes.iot-lab.info": "c9ce", 
    "wsn430-81.strasbourg.iot-lab.info": "b5c5", 
    "wsn430-82.euratech.iot-lab.info": "c8c8", 
    "wsn430-82.grenoble.iot-lab.info": "1bff", 
    "wsn430-82.strasbourg.iot-lab.info": "1f3c", 
    "wsn430-83.euratech.iot-lab.info": "c640", 
    "wsn430-83.grenoble.iot-lab.info": "b666", 
    "wsn430-83.rennes.iot-lab.info": "c688", 
    "wsn430-83.strasbourg.iot-lab.info": "bb11", 
    "wsn430-84.grenoble.iot-lab.info": "bde3", 
    "wsn430-84.strasbourg.iot-lab.info": "c7df", 
    "wsn430-85.euratech.iot-lab.info": "b659", 
    "wsn430-85.grenoble.iot-lab.info": "b029", 
    "wsn430-85.strasbourg.iot-lab.info": "c986", 
    "wsn430-86.euratech.iot-lab.info": "b5cc", 
    "wsn430-86.grenoble.iot-lab.info": "c598", 
    "wsn430-86.rennes.iot-lab.info": "c171", 
    "wsn430-86.strasbourg.iot-lab.info": "c5e2", 
    "wsn430-87.euratech.iot-lab.info": "b2c1", 
    "wsn430-87.grenoble.iot-lab.info": "cd1b", 
    "wsn430-87.rennes.iot-lab.info": "b5b2", 
    "wsn430-87.strasbourg.iot-lab.info": "c755", 
    "wsn430-88.euratech.iot-lab.info": "cd82", 
    "wsn430-88.rennes.iot-lab.info": "b9e9", 
    "wsn430-88.strasbourg.iot-lab.info": "ca2f", 
    "wsn430-89.euratech.iot-lab.info": "b325", 
    "wsn430-89.grenoble.iot-lab.info": "c8e0", 
    "wsn430-89.rennes.iot-lab.info": "c715", 
    "wsn430-89.strasbourg.iot-lab.info": "b138", 
    "wsn430-9.euratech.iot-lab.info": "bc2d", 
    "wsn430-9.rennes.iot-lab.info": "bc98", 
    "wsn430-9.strasbourg.iot-lab.info": "bef2", 
    "wsn430-90.euratech.iot-lab.info": "cc1b", 
    "wsn430-90.grenoble.iot-lab.info": "c1d7", 
    "wsn430-90.strasbourg.iot-lab.info": "c92f", 
    "wsn430-91.euratech.iot-lab.info": "b42b", 
    "wsn430-91.grenoble.iot-lab.info": "c494", 
    "wsn430-91.rennes.iot-lab.info": "b627", 
    "wsn430-91.strasbourg.iot-lab.info": "c681", 
    "wsn430-92.euratech.iot-lab.info": "c4ea", 
    "wsn430-92.grenoble.iot-lab.info": "b193", 
    "wsn430-92.rennes.iot-lab.info": "b78c", 
    "wsn430-92.strasbourg.iot-lab.info": "cd2e", 
    "wsn430-93.euratech.iot-lab.info": "b6a3", 
    "wsn430-93.grenoble.iot-lab.info": "c828", 
    "wsn430-93.rennes.iot-lab.info": "afee", 
    "wsn430-93.strasbourg.iot-lab.info": "c1d5", 
    "wsn430-94.euratech.iot-lab.info": "b31a", 
    "wsn430-94.grenoble.iot-lab.info": "cd06", 
    "wsn430-94.rennes.iot-lab.info": "c0a5", 
    "wsn430-94.strasbourg.iot-lab.info": "cc22", 
    "wsn430-95.euratech.iot-lab.info": "b381", 
    "wsn430-95.grenoble.iot-lab.info": "afed", 
    "wsn430-95.rennes.iot-lab.info": "c751", 
    "wsn430-95.strasbourg.iot-lab.info": "c4e5", 
    "wsn430-96.euratech.iot-lab.info": "c342", 
    "wsn430-96.grenoble.iot-lab.info": "baea", 
    "wsn430-96.strasbourg.iot-lab.info": "c5b3", 
    "wsn430-97.euratech.iot-lab.info": "c0ab", 
    "wsn430-97.grenoble.iot-lab.info": "c19c", 
    "wsn430-97.rennes.iot-lab.info": "cdaa", 
    "wsn430-97.strasbourg.iot-lab.info": "bfb9", 
    "wsn430-98.euratech.iot-lab.info": "c83b", 
    "wsn430-98.grenoble.iot-lab.info": "be7f", 
    "wsn430-98.strasbourg.iot-lab.info": "b8fb", 
    "wsn430-99.euratech.iot-lab.info": "b36b", 
    "wsn430-99.grenoble.iot-lab.info": "becb", 
    "wsn430-99.strasbourg.iot-lab.info": "bc1c"
}