{
    "a8-1.paris.iot-lab.info": "2490", 
    "a8-10.paris.iot-lab.info": "1287", 
    "a8-11.paris.iot-lab.info": "2384", 
    "a8-12.paris.iot-lab.info": "2789", 
    "a8-13.paris.iot-lab.info": "a055", 
    "a8-14.paris.iot-lab.info": "2690", 
    "a8-15.paris.iot-lab.info": "2590", 
    "a8-16.paris.iot-lab.info": "2788", 
    "a8-17.paris.iot-lab.info": "a455", 
    "a8-18.paris.iot-lab.info": "2284", 
    "a8-19.paris.iot-lab.info": "b055", 
    "a8-2.paris.iot-lab.info": "a355", 
    "a8-20.paris.iot-lab.info": "a655", 
    "a8-21.paris.iot-lab.info": "a555", 
    "a8-22.paris.iot-lab.info": "1687", 
    "a8-23.paris.iot-lab.info": "1890", 
    "a8-24.paris.iot-lab.info": "2288", 
    "a8-25.paris.iot-lab.info": "9257", 
    "a8-26.paris.iot-lab.info": "a255", 
    "a8-27.paris.iot-lab.info": "2489", 
    "a8-28.paris.iot-lab.info": "1887", 
    "a8-29.paris.iot-lab.info": "9256", 
    "a8-3.paris.iot-lab.info": "a855", 
    "a8-30.paris.iot-lab.info": "1889", 
    "a8-31.paris.iot-lab.info": "1587", 
    "a8-32.paris.iot-lab.info": "2888", 
    "a8-33.paris.iot-lab.info": "2188", 
    "a8-34.paris.iot-lab.info": "9156", 
    "a8-35.paris.iot-lab.info": "1589", 
    "a8-36.paris.iot-lab.info": "9457", 
    "a8-37.paris.iot-lab.info": "2289", 
    "a8-38.paris.iot-lab.info": "1989", 
    "a8-39.paris.iot-lab.info": "2189", 
    "a8-4.paris.iot-lab.info": "1988", 
    "a8-40.paris.iot-lab.info": "1790", 
    "a8-41.paris.iot-lab.info": "b555", 
    "a8-42.paris.iot-lab.info": "b455", 
    "a8-43.paris.iot-lab.info": "b155", 
    "a8-44.paris.iot-lab.info": "2184", 
    "a8-45.paris.iot-lab.info": "a955", 
    "a8-46.paris.iot-lab.info": "9756", 
    "a8-47.paris.iot-lab.info": "2989", 
    "a8-48.paris.iot-lab.info": "1688", 
    "a8-49.paris.iot-lab.info": "1789", 
    "a8-5.paris.iot-lab.info": "1487", 
    "a8-50.paris.iot-lab.info": "1488", 
    "a8-51.paris.iot-lab.info": "2688", 
    "a8-52.paris.iot-lab.info": "2588", 
    "a8-53.paris.iot-lab.info": "9856", 
    "a8-54.paris.iot-lab.info": "b355", 
    "a8-55.paris.iot-lab.info": "1788", 
    "a8-56.paris.iot-lab.info": "2388", 
    "a8-57.paris.iot-lab.info": "b655", 
    "a8-58.paris.iot-lab.info": "2190", 
    "a8-59.paris.iot-lab.info": "b755", 
    "a8-6.paris.iot-lab.info": "9767", 
    "a8-60.paris.iot-lab.info": "2290", 
    "a8-61.paris.iot-lab.info": "1787", 
    "a8-62.paris.iot-lab.info": "1888", 
    "a8-7.paris.iot-lab.info": "2589", 
    "a8-8.paris.iot-lab.info": "2689", 
    "a8-9.paris.iot-lab.info": "9556", 
    "m3-1.paris.iot-lab.info": "3562", 
    "m3-10.paris.iot-lab.info": "b375", 
    "m3-11.paris.iot-lab.info": "3662", 
    "m3-12.paris.iot-lab.info": "2762", 
    "m3-13.paris.iot-lab.info": "9473", 
    "m3-14.paris.iot-lab.info": "3157", 
    "m3-15.paris.iot-lab.info": "2756", 
    "m3-16.paris.iot-lab.info": "a974", 
    "m3-17.paris.iot-lab.info": "4062", 
    "m3-18.paris.iot-lab.info": "9174", 
    "m3-19.paris.iot-lab.info": "2956", 
    "m3-2.paris.iot-lab.info": "b075", 
    "m3-20.paris.iot-lab.info": "b574", 
    "m3-21.paris.iot-lab.info": "9280", 
    "m3-22.paris.iot-lab.info": "2562", 
    "m3-23.paris.iot-lab.info": "3757", 
    "m3-24.paris.iot-lab.info": "a574", 
    "m3-25.paris.iot-lab.info": "b374", 
    "m3-26.paris.iot-lab.info": "4262", 
    "m3-27.paris.iot-lab.info": "9574", 
    "m3-28.paris.iot-lab.info": "9673", 
    "m3-29.paris.iot-lab.info": "3856", 
    "m3-3.paris.iot-lab.info": "2962", 
    "m3-30.paris.iot-lab.info": "3162", 
    "m3-31.paris.iot-lab.info": "9974", 
    "m3-32.paris.iot-lab.info": "b174", 
    "m3-33.paris.iot-lab.info": "c174", 
    "m3-34.paris.iot-lab.info": "b274", 
    "m3-35.paris.iot-lab.info": "a975", 
    "m3-36.paris.iot-lab.info": "b175", 
    "m3-37.paris.iot-lab.info": "b975", 
    "m3-38.paris.iot-lab.info": "9374", 
    "m3-39.paris.iot-lab.info": "b775", 
    "m3-4.paris.iot-lab.info": "3462", 
    "m3-40.paris.iot-lab.info": "2862", 
    "m3-41.paris.iot-lab.info": "3057", 
    "m3-42.paris.iot-lab.info": "2662", 
    "m3-43.paris.iot-lab.info": "3857", 
    "m3-44.paris.iot-lab.info": "b875", 
    "m3-45.paris.iot-lab.info": "3262", 
    "m3-46.paris.iot-lab.info": "2657", 
    "m3-47.paris.iot-lab.info": "a074", 
    "m3-48.paris.iot-lab.info": "4263", 
    "m3-49.paris.iot-lab.info": "b675", 
    "m3-5.paris.iot-lab.info": "3457", 
    "m3-50.paris.iot-lab.info": "a774", 
    "m3-51.paris.iot-lab.info": "3756", 
    "m3-52.paris.iot-lab.info": "8373", 
    "m3-53.paris.iot-lab.info": "3356", 
    "m3-54.paris.iot-lab.info": "c274", 
    "m3-55.paris.iot-lab.info": "2857", 
    "m3-56.paris.iot-lab.info": "b275", 
    "m3-57.paris.iot-lab.info": "3357", 
    "m3-58.paris.iot-lab.info": "9774", 
    "m3-59.paris.iot-lab.info": "8880", 
    "m3-6.paris.iot-lab.info": "a174", 
    "m3-60.paris.iot-lab.info": "2357", 
    "m3-61.paris.iot-lab.info": "a874", 
    "m3-62.paris.iot-lab.info": "8980", 
    "m3-63.paris.iot-lab.info": "9474", 
    "m3-64.paris.iot-lab.info": "2557", 
    "m3-65.paris.iot-lab.info": "9674", 
    "m3-66.paris.iot-lab.info": "b774", 
    "m3-67.paris.iot-lab.info": "8780", 
    "m3-68.paris.iot-lab.info": "b974", 
    "m3-69.paris.iot-lab.info": "3657", 
    "m3-7.paris.iot-lab.info": "a674", 
    "m3-8.paris.iot-lab.info": "a374", 
    "m3-9.paris.iot-lab.info": "3256"
}