{
    "m3-1.grenoble.iot-lab.info": "2354", 
    "m3-1.rocquencourt.iot-lab.info": "1160", 
    "m3-1.strasbourg.iot-lab.info": "a484", 
    "m3-10.rocquencourt.iot-lab.info": "c471", 
    "m3-10.strasbourg.iot-lab.info": "9387", 
    "m3-100.grenoble.iot-lab.info": "b080", 
    "m3-100.lille.iot-lab.info": "8973", 
    "m3-101.grenoble.iot-lab.info": "9181", 
    "m3-101.lille.iot-lab.info": "1951", 
    "m3-102.grenoble.iot-lab.info": "a881", 
    "m3-102.lille.iot-lab.info": "a473", 
    "m3-103.grenoble.iot-lab.info": "9881", 
    "m3-103.lille.iot-lab.info": "1654", 
    "m3-104.grenoble.iot-lab.info": "a775", 
    "m3-104.lille.iot-lab.info": "0660", 
    "m3-105.grenoble.iot-lab.info": "b576", 
    "m3-105.lille.iot-lab.info": "2855", 
    "m3-106.grenoble.iot-lab.info": "9382", 
    "m3-106.lille.iot-lab.info": "3559", 
    "m3-107.grenoble.iot-lab.info": "a072", 
    "m3-107.lille.iot-lab.info": "b289", 
    "m3-108.grenoble.iot-lab.info": "8477", 
    "m3-108.lille.iot-lab.info": "b172", 
    "m3-109.grenoble.iot-lab.info": "1062", 
    "m3-109.lille.iot-lab.info": "0958", 
    "m3-11.grenoble.iot-lab.info": "9971", 
    "m3-11.rocquencourt.iot-lab.info": "2353", 
    "m3-11.strasbourg.iot-lab.info": "8984", 
    "m3-110.grenoble.iot-lab.info": "a071", 
    "m3-110.lille.iot-lab.info": "2853", 
    "m3-111.grenoble.iot-lab.info": "9172", 
    "m3-111.lille.iot-lab.info": "3858", 
    "m3-112.grenoble.iot-lab.info": "a578", 
    "m3-112.lille.iot-lab.info": "a270", 
    "m3-113.grenoble.iot-lab.info": "a671", 
    "m3-113.lille.iot-lab.info": "1957", 
    "m3-114.grenoble.iot-lab.info": "a879", 
    "m3-114.lille.iot-lab.info": "b872", 
    "m3-115.grenoble.iot-lab.info": "8471", 
    "m3-115.lille.iot-lab.info": "a890", 
    "m3-116.grenoble.iot-lab.info": "8969", 
    "m3-117.grenoble.iot-lab.info": "2262", 
    "m3-117.lille.iot-lab.info": "1154", 
    "m3-118.grenoble.iot-lab.info": "9376", 
    "m3-118.lille.iot-lab.info": "2556", 
    "m3-119.grenoble.iot-lab.info": "a468", 
    "m3-119.lille.iot-lab.info": "1356", 
    "m3-12.grenoble.iot-lab.info": "a869", 
    "m3-12.strasbourg.iot-lab.info": "9588", 
    "m3-120.grenoble.iot-lab.info": "a469", 
    "m3-120.lille.iot-lab.info": "0758", 
    "m3-121.grenoble.iot-lab.info": "8572", 
    "m3-121.lille.iot-lab.info": "1061", 
    "m3-122.grenoble.iot-lab.info": "a180", 
    "m3-122.lille.iot-lab.info": "3154", 
    "m3-123.grenoble.iot-lab.info": "c276", 
    "m3-123.lille.iot-lab.info": "8473", 
    "m3-124.lille.iot-lab.info": "b471", 
    "m3-125.grenoble.iot-lab.info": "9672", 
    "m3-125.lille.iot-lab.info": "9570", 
    "m3-126.grenoble.iot-lab.info": "b269", 
    "m3-126.lille.iot-lab.info": "1956", 
    "m3-127.grenoble.iot-lab.info": "8671", 
    "m3-127.lille.iot-lab.info": "3558", 
    "m3-128.grenoble.iot-lab.info": "9980", 
    "m3-129.grenoble.iot-lab.info": "9783", 
    "m3-129.lille.iot-lab.info": "1159", 
    "m3-13.grenoble.iot-lab.info": "a569", 
    "m3-13.rocquencourt.iot-lab.info": "2661", 
    "m3-13.strasbourg.iot-lab.info": "b384", 
    "m3-130.grenoble.iot-lab.info": "a272", 
    "m3-130.lille.iot-lab.info": "1954", 
    "m3-131.grenoble.iot-lab.info": "9369", 
    "m3-131.lille.iot-lab.info": "b388", 
    "m3-132.grenoble.iot-lab.info": "a369", 
    "m3-132.lille.iot-lab.info": "b973", 
    "m3-133.grenoble.iot-lab.info": "2360", 
    "m3-133.lille.iot-lab.info": "2451", 
    "m3-134.lille.iot-lab.info": "b670", 
    "m3-135.grenoble.iot-lab.info": "1761", 
    "m3-135.lille.iot-lab.info": "0957", 
    "m3-136.grenoble.iot-lab.info": "9669", 
    "m3-136.lille.iot-lab.info": "0561", 
    "m3-137.grenoble.iot-lab.info": "9371", 
    "m3-137.lille.iot-lab.info": "2650", 
    "m3-138.lille.iot-lab.info": "1856", 
    "m3-139.grenoble.iot-lab.info": "a778", 
    "m3-139.lille.iot-lab.info": "a990", 
    "m3-14.grenoble.iot-lab.info": "9869", 
    "m3-14.rocquencourt.iot-lab.info": "2053", 
    "m3-14.strasbourg.iot-lab.info": "b187", 
    "m3-140.grenoble.iot-lab.info": "b483", 
    "m3-140.lille.iot-lab.info": "9073", 
    "m3-141.grenoble.iot-lab.info": "8579", 
    "m3-141.lille.iot-lab.info": "3155", 
    "m3-142.grenoble.iot-lab.info": "a783", 
    "m3-142.lille.iot-lab.info": "9270", 
    "m3-143.grenoble.iot-lab.info": "9779", 
    "m3-143.lille.iot-lab.info": "8773", 
    "m3-144.grenoble.iot-lab.info": "c069", 
    "m3-144.lille.iot-lab.info": "a189", 
    "m3-145.grenoble.iot-lab.info": "9680", 
    "m3-145.lille.iot-lab.info": "a170", 
    "m3-146.grenoble.iot-lab.info": "a668", 
    "m3-146.lille.iot-lab.info": "9877", 
    "m3-147.grenoble.iot-lab.info": "9380", 
    "m3-147.lille.iot-lab.info": "1359", 
    "m3-148.grenoble.iot-lab.info": "9976", 
    "m3-148.lille.iot-lab.info": "c273", 
    "m3-149.grenoble.iot-lab.info": "9683", 
    "m3-149.lille.iot-lab.info": "9074", 
    "m3-15.grenoble.iot-lab.info": "c280", 
    "m3-15.strasbourg.iot-lab.info": "9488", 
    "m3-150.grenoble.iot-lab.info": "b676", 
    "m3-151.grenoble.iot-lab.info": "9576", 
    "m3-151.lille.iot-lab.info": "b173", 
    "m3-152.grenoble.iot-lab.info": "b769", 
    "m3-152.lille.iot-lab.info": "c073", 
    "m3-153.grenoble.iot-lab.info": "b081", 
    "m3-153.lille.iot-lab.info": "2850", 
    "m3-154.grenoble.iot-lab.info": "a279", 
    "m3-154.lille.iot-lab.info": "3254", 
    "m3-155.grenoble.iot-lab.info": "3160", 
    "m3-155.lille.iot-lab.info": "3359", 
    "m3-156.grenoble.iot-lab.info": "1861", 
    "m3-156.lille.iot-lab.info": "2955", 
    "m3-157.grenoble.iot-lab.info": "a380", 
    "m3-158.grenoble.iot-lab.info": "a781", 
    "m3-159.grenoble.iot-lab.info": "a081", 
    "m3-16.grenoble.iot-lab.info": "a269", 
    "m3-16.strasbourg.iot-lab.info": "9385", 
    "m3-160.grenoble.iot-lab.info": "9880", 
    "m3-161.grenoble.iot-lab.info": "9582", 
    "m3-161.lille.iot-lab.info": "1855", 
    "m3-162.grenoble.iot-lab.info": "8775", 
    "m3-162.lille.iot-lab.info": "2257", 
    "m3-163.grenoble.iot-lab.info": "9276", 
    "m3-163.lille.iot-lab.info": "1754", 
    "m3-164.grenoble.iot-lab.info": "b281", 
    "m3-164.lille.iot-lab.info": "8673", 
    "m3-165.grenoble.iot-lab.info": "9478", 
    "m3-165.lille.iot-lab.info": "a070", 
    "m3-166.grenoble.iot-lab.info": "9671", 
    "m3-166.lille.iot-lab.info": "c373", 
    "m3-167.grenoble.iot-lab.info": "1862", 
    "m3-167.lille.iot-lab.info": "1355", 
    "m3-168.grenoble.iot-lab.info": "8475", 
    "m3-168.lille.iot-lab.info": "3159", 
    "m3-169.lille.iot-lab.info": "2951", 
    "m3-17.grenoble.iot-lab.info": "a172", 
    "m3-17.strasbourg.iot-lab.info": "b585", 
    "m3-170.grenoble.iot-lab.info": "c076", 
    "m3-170.lille.iot-lab.info": "1751", 
    "m3-171.grenoble.iot-lab.info": "9379", 
    "m3-171.lille.iot-lab.info": "2959", 
    "m3-172.grenoble.iot-lab.info": "9678", 
    "m3-172.lille.iot-lab.info": "a771", 
    "m3-173.grenoble.iot-lab.info": "9381", 
    "m3-173.lille.iot-lab.info": "1156", 
    "m3-174.grenoble.iot-lab.info": "a179", 
    "m3-174.lille.iot-lab.info": "2055", 
    "m3-175.grenoble.iot-lab.info": "a870", 
    "m3-175.lille.iot-lab.info": "3962", 
    "m3-176.grenoble.iot-lab.info": "9572", 
    "m3-176.lille.iot-lab.info": "b970", 
    "m3-177.grenoble.iot-lab.info": "3061", 
    "m3-177.lille.iot-lab.info": "b389", 
    "m3-178.grenoble.iot-lab.info": "a281", 
    "m3-179.grenoble.iot-lab.info": "a776", 
    "m3-179.lille.iot-lab.info": "3355", 
    "m3-18.strasbourg.iot-lab.info": "a587", 
    "m3-180.grenoble.iot-lab.info": "0762", 
    "m3-180.lille.iot-lab.info": "2456", 
    "m3-181.grenoble.iot-lab.info": "b583", 
    "m3-181.lille.iot-lab.info": "2754", 
    "m3-182.grenoble.iot-lab.info": "9968", 
    "m3-182.lille.iot-lab.info": "8474", 
    "m3-183.lille.iot-lab.info": "a873", 
    "m3-184.grenoble.iot-lab.info": "9168", 
    "m3-186.grenoble.iot-lab.info": "8979", 
    "m3-187.grenoble.iot-lab.info": "9571", 
    "m3-187.lille.iot-lab.info": "9173", 
    "m3-188.grenoble.iot-lab.info": "9072", 
    "m3-188.lille.iot-lab.info": "1358", 
    "m3-189.grenoble.iot-lab.info": "9480", 
    "m3-189.lille.iot-lab.info": "a289", 
    "m3-19.grenoble.iot-lab.info": "9969", 
    "m3-19.strasbourg.iot-lab.info": "9083", 
    "m3-190.grenoble.iot-lab.info": "b882", 
    "m3-190.lille.iot-lab.info": "3453", 
    "m3-191.grenoble.iot-lab.info": "8872", 
    "m3-191.lille.iot-lab.info": "a490", 
    "m3-192.grenoble.iot-lab.info": "b579", 
    "m3-192.lille.iot-lab.info": "a573", 
    "m3-193.grenoble.iot-lab.info": "a376", 
    "m3-193.lille.iot-lab.info": "3859", 
    "m3-194.grenoble.iot-lab.info": "a375", 
    "m3-194.lille.iot-lab.info": "9573", 
    "m3-195.grenoble.iot-lab.info": "a670", 
    "m3-195.lille.iot-lab.info": "2152", 
    "m3-196.grenoble.iot-lab.info": "a768", 
    "m3-196.lille.iot-lab.info": "2559", 
    "m3-197.grenoble.iot-lab.info": "a972", 
    "m3-197.lille.iot-lab.info": "b273", 
    "m3-198.grenoble.iot-lab.info": "a383", 
    "m3-198.lille.iot-lab.info": "1455", 
    "m3-199.grenoble.iot-lab.info": "8569", 
    "m3-199.lille.iot-lab.info": "1652", 
    "m3-2.grenoble.iot-lab.info": "9982", 
    "m3-2.rocquencourt.iot-lab.info": "4061", 
    "m3-2.strasbourg.iot-lab.info": "a685", 
    "m3-20.strasbourg.iot-lab.info": "b786", 
    "m3-200.grenoble.iot-lab.info": "c376", 
    "m3-200.lille.iot-lab.info": "9770", 
    "m3-201.grenoble.iot-lab.info": "8476", 
    "m3-201.lille.iot-lab.info": "a871", 
    "m3-202.grenoble.iot-lab.info": "a183", 
    "m3-202.lille.iot-lab.info": "2751", 
    "m3-203.grenoble.iot-lab.info": "9584", 
    "m3-203.lille.iot-lab.info": "8573", 
    "m3-204.grenoble.iot-lab.info": "b877", 
    "m3-204.lille.iot-lab.info": "2052", 
    "m3-205.grenoble.iot-lab.info": "8967", 
    "m3-205.lille.iot-lab.info": "1857", 
    "m3-206.grenoble.iot-lab.info": "9979", 
    "m3-207.grenoble.iot-lab.info": "a379", 
    "m3-207.lille.iot-lab.info": "2651", 
    "m3-208.grenoble.iot-lab.info": "9076", 
    "m3-208.lille.iot-lab.info": "8873", 
    "m3-209.grenoble.iot-lab.info": "b379", 
    "m3-209.lille.iot-lab.info": "b571", 
    "m3-21.grenoble.iot-lab.info": "b382", 
    "m3-21.strasbourg.iot-lab.info": "a385", 
    "m3-210.grenoble.iot-lab.info": "c081", 
    "m3-210.lille.iot-lab.info": "1254", 
    "m3-211.grenoble.iot-lab.info": "8875", 
    "m3-211.lille.iot-lab.info": "2759", 
    "m3-212.grenoble.iot-lab.info": "b280", 
    "m3-212.lille.iot-lab.info": "b270", 
    "m3-213.grenoble.iot-lab.info": "8472", 
    "m3-213.lille.iot-lab.info": "1859", 
    "m3-214.grenoble.iot-lab.info": "9567", 
    "m3-214.lille.iot-lab.info": "2352", 
    "m3-215.grenoble.iot-lab.info": "9175", 
    "m3-215.lille.iot-lab.info": "3458", 
    "m3-216.grenoble.iot-lab.info": "b369", 
    "m3-216.lille.iot-lab.info": "0858", 
    "m3-217.grenoble.iot-lab.info": "9871", 
    "m3-217.lille.iot-lab.info": "3152", 
    "m3-218.grenoble.iot-lab.info": "b582", 
    "m3-218.lille.iot-lab.info": "9373", 
    "m3-219.grenoble.iot-lab.info": "b481", 
    "m3-219.lille.iot-lab.info": "2359", 
    "m3-22.grenoble.iot-lab.info": "9171", 
    "m3-22.strasbourg.iot-lab.info": "a488", 
    "m3-220.lille.iot-lab.info": "c270", 
    "m3-221.grenoble.iot-lab.info": "9981", 
    "m3-221.lille.iot-lab.info": "b873", 
    "m3-222.grenoble.iot-lab.info": "3860", 
    "m3-222.lille.iot-lab.info": "b288", 
    "m3-223.lille.iot-lab.info": "2552", 
    "m3-224.lille.iot-lab.info": "b070", 
    "m3-225.grenoble.iot-lab.info": "c068", 
    "m3-225.lille.iot-lab.info": "1357", 
    "m3-226.grenoble.iot-lab.info": "b268", 
    "m3-226.lille.iot-lab.info": "2450", 
    "m3-227.grenoble.iot-lab.info": "9377", 
    "m3-227.lille.iot-lab.info": "0959", 
    "m3-228.lille.iot-lab.info": "b073", 
    "m3-229.grenoble.iot-lab.info": "b068", 
    "m3-229.lille.iot-lab.info": "a790", 
    "m3-23.grenoble.iot-lab.info": "a669", 
    "m3-23.strasbourg.iot-lab.info": "a984", 
    "m3-230.grenoble.iot-lab.info": "3861", 
    "m3-230.lille.iot-lab.info": "1258", 
    "m3-231.lille.iot-lab.info": "2159", 
    "m3-232.lille.iot-lab.info": "2851", 
    "m3-233.grenoble.iot-lab.info": "8881", 
    "m3-233.lille.iot-lab.info": "1256", 
    "m3-234.grenoble.iot-lab.info": "9481", 
    "m3-234.lille.iot-lab.info": "2251", 
    "m3-235.lille.iot-lab.info": "a889", 
    "m3-236.grenoble.iot-lab.info": "a677", 
    "m3-236.lille.iot-lab.info": "2551", 
    "m3-237.grenoble.iot-lab.info": "1562", 
    "m3-237.lille.iot-lab.info": "1658", 
    "m3-238.lille.iot-lab.info": "3153", 
    "m3-239.lille.iot-lab.info": "3358", 
    "m3-24.strasbourg.iot-lab.info": "9084", 
    "m3-240.grenoble.iot-lab.info": "3761", 
    "m3-240.lille.iot-lab.info": "1559", 
    "m3-241.grenoble.iot-lab.info": "8371", 
    "m3-241.lille.iot-lab.info": "2051", 
    "m3-242.lille.iot-lab.info": "2054", 
    "m3-243.lille.iot-lab.info": "1552", 
    "m3-244.grenoble.iot-lab.info": "9579", 
    "m3-244.lille.iot-lab.info": "2659", 
    "m3-245.lille.iot-lab.info": "3151", 
    "m3-246.grenoble.iot-lab.info": "b881", 
    "m3-246.lille.iot-lab.info": "2454", 
    "m3-247.grenoble.iot-lab.info": "a982", 
    "m3-247.lille.iot-lab.info": "1554", 
    "m3-248.lille.iot-lab.info": "2458", 
    "m3-249.grenoble.iot-lab.info": "9583", 
    "m3-249.lille.iot-lab.info": "b770", 
    "m3-25.grenoble.iot-lab.info": "9071", 
    "m3-25.strasbourg.iot-lab.info": "a187", 
    "m3-250.grenoble.iot-lab.info": "a483", 
    "m3-250.lille.iot-lab.info": "b871", 
    "m3-251.lille.iot-lab.info": "0759", 
    "m3-252.lille.iot-lab.info": "2358", 
    "m3-253.grenoble.iot-lab.info": "c277", 
    "m3-253.lille.iot-lab.info": "1257", 
    "m3-254.grenoble.iot-lab.info": "8982", 
    "m3-254.lille.iot-lab.info": "b371", 
    "m3-255.lille.iot-lab.info": "2858", 
    "m3-256.grenoble.iot-lab.info": "1660", 
    "m3-256.lille.iot-lab.info": "2554", 
    "m3-257.grenoble.iot-lab.info": "b668", 
    "m3-257.lille.iot-lab.info": "0859", 
    "m3-259.grenoble.iot-lab.info": "a580", 
    "m3-259.lille.iot-lab.info": "3054", 
    "m3-26.grenoble.iot-lab.info": "9469", 
    "m3-26.strasbourg.iot-lab.info": "b685", 
    "m3-260.grenoble.iot-lab.info": "a478", 
    "m3-262.grenoble.iot-lab.info": "a481", 
    "m3-263.grenoble.iot-lab.info": "8470", 
    "m3-264.grenoble.iot-lab.info": "9575", 
    "m3-265.grenoble.iot-lab.info": "a470", 
    "m3-267.grenoble.iot-lab.info": "b182", 
    "m3-268.grenoble.iot-lab.info": "9681", 
    "m3-27.grenoble.iot-lab.info": "b376", 
    "m3-27.strasbourg.iot-lab.info": "a185", 
    "m3-270.grenoble.iot-lab.info": "b380", 
    "m3-271.grenoble.iot-lab.info": "a980", 
    "m3-272.grenoble.iot-lab.info": "2861", 
    "m3-273.grenoble.iot-lab.info": "9279", 
    "m3-274.grenoble.iot-lab.info": "a880", 
    "m3-275.grenoble.iot-lab.info": "9771", 
    "m3-276.grenoble.iot-lab.info": "9482", 
    "m3-277.grenoble.iot-lab.info": "c176", 
    "m3-278.grenoble.iot-lab.info": "a968", 
    "m3-279.grenoble.iot-lab.info": "9780", 
    "m3-28.strasbourg.iot-lab.info": "a586", 
    "m3-280.grenoble.iot-lab.info": "b381", 
    "m3-281.grenoble.iot-lab.info": "a582", 
    "m3-282.grenoble.iot-lab.info": "a283", 
    "m3-283.grenoble.iot-lab.info": "b781", 
    "m3-285.grenoble.iot-lab.info": "a583", 
    "m3-286.grenoble.iot-lab.info": "a969", 
    "m3-287.grenoble.iot-lab.info": "b982", 
    "m3-288.grenoble.iot-lab.info": "1162", 
    "m3-289.grenoble.iot-lab.info": "c370", 
    "m3-29.grenoble.iot-lab.info": "0662", 
    "m3-29.strasbourg.iot-lab.info": "a284", 
    "m3-290.grenoble.iot-lab.info": "a078", 
    "m3-292.grenoble.iot-lab.info": "9183", 
    "m3-293.grenoble.iot-lab.info": "9475", 
    "m3-294.grenoble.iot-lab.info": "8669", 
    "m3-295.grenoble.iot-lab.info": "9467", 
    "m3-296.grenoble.iot-lab.info": "9069", 
    "m3-297.grenoble.iot-lab.info": "a079", 
    "m3-298.grenoble.iot-lab.info": "b569", 
    "m3-299.grenoble.iot-lab.info": "1362", 
    "m3-3.grenoble.iot-lab.info": "b868", 
    "m3-3.rocquencourt.iot-lab.info": "2453", 
    "m3-3.strasbourg.iot-lab.info": "9787", 
    "m3-30.grenoble.iot-lab.info": "c168", 
    "m3-30.strasbourg.iot-lab.info": "b086", 
    "m3-300.grenoble.iot-lab.info": "8876", 
    "m3-301.grenoble.iot-lab.info": "a675", 
    "m3-302.grenoble.iot-lab.info": "9271", 
    "m3-303.grenoble.iot-lab.info": "a370", 
    "m3-304.grenoble.iot-lab.info": "8877", 
    "m3-305.grenoble.iot-lab.info": "8871", 
    "m3-306.grenoble.iot-lab.info": "9479", 
    "m3-307.grenoble.iot-lab.info": "a082", 
    "m3-308.grenoble.iot-lab.info": "b083", 
    "m3-309.grenoble.iot-lab.info": "c368", 
    "m3-31.grenoble.iot-lab.info": "b377", 
    "m3-31.strasbourg.iot-lab.info": "a885", 
    "m3-310.grenoble.iot-lab.info": "c169", 
    "m3-311.grenoble.iot-lab.info": "a570", 
    "m3-312.grenoble.iot-lab.info": "9782", 
    "m3-313.grenoble.iot-lab.info": "9082", 
    "m3-314.grenoble.iot-lab.info": "9580", 
    "m3-315.grenoble.iot-lab.info": "8882", 
    "m3-316.grenoble.iot-lab.info": "0862", 
    "m3-317.grenoble.iot-lab.info": "b276", 
    "m3-318.grenoble.iot-lab.info": "8370", 
    "m3-32.grenoble.iot-lab.info": "a482", 
    "m3-32.strasbourg.iot-lab.info": "b287", 
    "m3-320.grenoble.iot-lab.info": "a477", 
    "m3-321.grenoble.iot-lab.info": "9879", 
    "m3-322.grenoble.iot-lab.info": "b282", 
    "m3-323.grenoble.iot-lab.info": "a777", 
    "m3-324.grenoble.iot-lab.info": "a782", 
    "m3-325.grenoble.iot-lab.info": "9776", 
    "m3-326.grenoble.iot-lab.info": "a480", 
    "m3-327.grenoble.iot-lab.info": "0962", 
    "m3-328.grenoble.iot-lab.info": "9282", 
    "m3-329.grenoble.iot-lab.info": "b177", 
    "m3-33.grenoble.iot-lab.info": "b482", 
    "m3-33.strasbourg.iot-lab.info": "b286", 
    "m3-330.grenoble.iot-lab.info": "b082", 
    "m3-331.grenoble.iot-lab.info": "a282", 
    "m3-332.grenoble.iot-lab.info": "8578", 
    "m3-333.grenoble.iot-lab.info": "a178", 
    "m3-334.grenoble.iot-lab.info": "b782", 
    "m3-336.grenoble.iot-lab.info": "9468", 
    "m3-337.grenoble.iot-lab.info": "b279", 
    "m3-338.grenoble.iot-lab.info": "9668", 
    "m3-339.grenoble.iot-lab.info": "9477", 
    "m3-34.grenoble.iot-lab.info": "b968", 
    "m3-34.strasbourg.iot-lab.info": "a786", 
    "m3-340.grenoble.iot-lab.info": "a479", 
    "m3-341.grenoble.iot-lab.info": "b983", 
    "m3-343.grenoble.iot-lab.info": "a568", 
    "m3-344.grenoble.iot-lab.info": "c082", 
    "m3-345.grenoble.iot-lab.info": "9167", 
    "m3-346.grenoble.iot-lab.info": "b669", 
    "m3-347.grenoble.iot-lab.info": "b368", 
    "m3-348.grenoble.iot-lab.info": "9868", 
    "m3-349.grenoble.iot-lab.info": "2553", 
    "m3-35.grenoble.iot-lab.info": "a581", 
    "m3-35.strasbourg.iot-lab.info": "a784", 
    "m3-350.grenoble.iot-lab.info": "8570", 
    "m3-352.grenoble.iot-lab.info": "8870", 
    "m3-353.grenoble.iot-lab.info": "9267", 
    "m3-354.grenoble.iot-lab.info": "9367", 
    "m3-355.grenoble.iot-lab.info": "b479", 
    "m3-357.grenoble.iot-lab.info": "8672", 
    "m3-358.grenoble.iot-lab.info": "9378", 
    "m3-359.grenoble.iot-lab.info": "c171", 
    "m3-36.strasbourg.iot-lab.info": "9184", 
    "m3-360.grenoble.iot-lab.info": "3360", 
    "m3-361.grenoble.iot-lab.info": "8667", 
    "m3-362.grenoble.iot-lab.info": "2654", 
    "m3-363.grenoble.iot-lab.info": "b883", 
    "m3-364.grenoble.iot-lab.info": "1661", 
    "m3-365.grenoble.iot-lab.info": "3561", 
    "m3-366.grenoble.iot-lab.info": "3060", 
    "m3-367.grenoble.iot-lab.info": "b469", 
    "m3-368.grenoble.iot-lab.info": "2953", 
    "m3-369.grenoble.iot-lab.info": "8567", 
    "m3-37.grenoble.iot-lab.info": "0562", 
    "m3-37.strasbourg.iot-lab.info": "a386", 
    "m3-370.grenoble.iot-lab.info": "a075", 
    "m3-371.grenoble.iot-lab.info": "c077", 
    "m3-372.grenoble.iot-lab.info": "9775", 
    "m3-373.grenoble.iot-lab.info": "1762", 
    "m3-374.grenoble.iot-lab.info": "8575", 
    "m3-375.grenoble.iot-lab.info": "2254", 
    "m3-376.grenoble.iot-lab.info": "a175", 
    "m3-377.grenoble.iot-lab.info": "9484", 
    "m3-378.grenoble.iot-lab.info": "c071", 
    "m3-379.grenoble.iot-lab.info": "3460", 
    "m3-38.grenoble.iot-lab.info": "a181", 
    "m3-38.strasbourg.iot-lab.info": "9589", 
    "m3-380.grenoble.iot-lab.info": "a979", 
    "m3-381.grenoble.iot-lab.info": "1553", 
    "m3-39.grenoble.iot-lab.info": "c078", 
    "m3-39.strasbourg.iot-lab.info": "a184", 
    "m3-4.grenoble.iot-lab.info": "9176", 
    "m3-4.rocquencourt.iot-lab.info": "2061", 
    "m3-4.strasbourg.iot-lab.info": "9388", 
    "m3-40.grenoble.iot-lab.info": "a978", 
    "m3-40.strasbourg.iot-lab.info": "b587", 
    "m3-41.strasbourg.iot-lab.info": "9885", 
    "m3-42.grenoble.iot-lab.info": "a476", 
    "m3-42.strasbourg.iot-lab.info": "b186", 
    "m3-43.strasbourg.iot-lab.info": "9285", 
    "m3-44.grenoble.iot-lab.info": "c181", 
    "m3-45.grenoble.iot-lab.info": "a872", 
    "m3-45.strasbourg.iot-lab.info": "b385", 
    "m3-46.strasbourg.iot-lab.info": "9985", 
    "m3-47.strasbourg.iot-lab.info": "a487", 
    "m3-48.grenoble.iot-lab.info": "a780", 
    "m3-48.strasbourg.iot-lab.info": "9789", 
    "m3-49.grenoble.iot-lab.info": "b683", 
    "m3-49.strasbourg.iot-lab.info": "a186", 
    "m3-5.grenoble.iot-lab.info": "a176", 
    "m3-5.rocquencourt.iot-lab.info": "c374", 
    "m3-5.strasbourg.iot-lab.info": "9889", 
    "m3-50.grenoble.iot-lab.info": "8576", 
    "m3-50.strasbourg.iot-lab.info": "b586", 
    "m3-51.grenoble.iot-lab.info": "9472", 
    "m3-51.strasbourg.iot-lab.info": "a585", 
    "m3-52.strasbourg.iot-lab.info": "9689", 
    "m3-53.grenoble.iot-lab.info": "a068", 
    "m3-53.strasbourg.iot-lab.info": "9890", 
    "m3-54.grenoble.iot-lab.info": "c180", 
    "m3-54.strasbourg.iot-lab.info": "9788", 
    "m3-55.grenoble.iot-lab.info": "9878", 
    "m3-55.strasbourg.iot-lab.info": "b486", 
    "m3-56.grenoble.iot-lab.info": "8677", 
    "m3-56.strasbourg.iot-lab.info": "a288", 
    "m3-57.grenoble.iot-lab.info": "8577", 
    "m3-57.strasbourg.iot-lab.info": "9986", 
    "m3-58.grenoble.iot-lab.info": "b378", 
    "m3-58.strasbourg.iot-lab.info": "a788", 
    "m3-59.grenoble.iot-lab.info": "b780", 
    "m3-59.strasbourg.iot-lab.info": "9586", 
    "m3-6.rocquencourt.iot-lab.info": "2460", 
    "m3-6.strasbourg.iot-lab.info": "9287", 
    "m3-60.grenoble.iot-lab.info": "a579", 
    "m3-60.strasbourg.iot-lab.info": "a686", 
    "m3-61.grenoble.iot-lab.info": "b678", 
    "m3-61.strasbourg.iot-lab.info": "a988", 
    "m3-62.grenoble.iot-lab.info": "8372", 
    "m3-62.strasbourg.iot-lab.info": "b386", 
    "m3-63.grenoble.iot-lab.info": "a169", 
    "m3-63.lille.iot-lab.info": "a673", 
    "m3-63.strasbourg.iot-lab.info": "9887", 
    "m3-64.grenoble.iot-lab.info": "8777", 
    "m3-64.lille.iot-lab.info": "a273", 
    "m3-64.strasbourg.iot-lab.info": "9687", 
    "m3-66.grenoble.iot-lab.info": "b680", 
    "m3-67.grenoble.iot-lab.info": "c268", 
    "m3-68.grenoble.iot-lab.info": "a983", 
    "m3-69.grenoble.iot-lab.info": "9682", 
    "m3-7.grenoble.iot-lab.info": "9883", 
    "m3-7.rocquencourt.iot-lab.info": "1360", 
    "m3-70.grenoble.iot-lab.info": "9067", 
    "m3-71.grenoble.iot-lab.info": "a779", 
    "m3-72.grenoble.iot-lab.info": "8972", 
    "m3-74.grenoble.iot-lab.info": "a171", 
    "m3-76.grenoble.iot-lab.info": "9177", 
    "m3-77.grenoble.iot-lab.info": "1462", 
    "m3-78.grenoble.iot-lab.info": "a382", 
    "m3-79.grenoble.iot-lab.info": "b976", 
    "m3-8.rocquencourt.iot-lab.info": "3560", 
    "m3-80.grenoble.iot-lab.info": "9476", 
    "m3-81.lille.iot-lab.info": "1454", 
    "m3-82.lille.iot-lab.info": "b089", 
    "m3-83.grenoble.iot-lab.info": "a575", 
    "m3-83.lille.iot-lab.info": "1459", 
    "m3-84.grenoble.iot-lab.info": "9769", 
    "m3-84.lille.iot-lab.info": "1556", 
    "m3-85.grenoble.iot-lab.info": "a271", 
    "m3-85.lille.iot-lab.info": "b671", 
    "m3-86.grenoble.iot-lab.info": "a471", 
    "m3-86.lille.iot-lab.info": "b771", 
    "m3-87.grenoble.iot-lab.info": "9277", 
    "m3-87.lille.iot-lab.info": "2258", 
    "m3-88.grenoble.iot-lab.info": "a475", 
    "m3-88.lille.iot-lab.info": "2750", 
    "m3-89.grenoble.iot-lab.info": "9882", 
    "m3-89.lille.iot-lab.info": "3554", 
    "m3-9.grenoble.iot-lab.info": "2162", 
    "m3-9.rocquencourt.iot-lab.info": "2760", 
    "m3-90.grenoble.iot-lab.info": "a878", 
    "m3-90.lille.iot-lab.info": "0956", 
    "m3-91.grenoble.iot-lab.info": "1662", 
    "m3-91.lille.iot-lab.info": "c170", 
    "m3-92.grenoble.iot-lab.info": "b078", 
    "m3-92.lille.iot-lab.info": "9989", 
    "m3-93.grenoble.iot-lab.info": "3960", 
    "m3-93.lille.iot-lab.info": "9273", 
    "m3-94.grenoble.iot-lab.info": "2960", 
    "m3-94.lille.iot-lab.info": "b272", 
    "m3-95.grenoble.iot-lab.info": "a770", 
    "m3-95.lille.iot-lab.info": "2459", 
    "m3-96.grenoble.iot-lab.info": "b468", 
    "m3-96.lille.iot-lab.info": "0857", 
    "m3-97.grenoble.iot-lab.info": "b179", 
    "m3-97.lille.iot-lab.info": "2555", 
    "m3-97.strasbourg.iot-lab.info": "b785", 
    "m3-98.grenoble.iot-lab.info": "b069", 
    "m3-98.lille.iot-lab.info": "9873", 
    "m3-99.grenoble.iot-lab.info": "b277", 
    "m3-99.lille.iot-lab.info": "9070"
}