{
    "wsn430-1.rocquencourt.iot-lab.info": "c545", 
    "wsn430-10.rocquencourt.iot-lab.info": "bb2c", 
    "wsn430-101.rocquencourt.iot-lab.info": "c732", 
    "wsn430-103.rocquencourt.iot-lab.info": "b1f6", 
    "wsn430-108.rocquencourt.iot-lab.info": "8fbc", 
    "wsn430-109.rocquencourt.iot-lab.info": "b017", 
    "wsn430-11.rocquencourt.iot-lab.info": "b56f", 
    "wsn430-13.rocquencourt.iot-lab.info": "1f8d", 
    "wsn430-14.rocquencourt.iot-lab.info": "cea5", 
    "wsn430-15.rocquencourt.iot-lab.info": "b6b5", 
    "wsn430-16.rocquencourt.iot-lab.info": "b060", 
    "wsn430-17.rocquencourt.iot-lab.info": "c073", 
    "wsn430-18.rocquencourt.iot-lab.info": "c8be", 
    "wsn430-19.rocquencourt.iot-lab.info": "be0a", 
    "wsn430-2.rocquencourt.iot-lab.info": "b783", 
    "wsn430-20.rocquencourt.iot-lab.info": "ccc6", 
    "wsn430-21.rocquencourt.iot-lab.info": "bae5", 
    "wsn430-22.rocquencourt.iot-lab.info": "9d55", 
    "wsn430-24.rocquencourt.iot-lab.info": "c55c", 
    "wsn430-25.rocquencourt.iot-lab.info": "b407", 
    "wsn430-26.rocquencourt.iot-lab.info": "5e8b", 
    "wsn430-27.rocquencourt.iot-lab.info": "3a04", 
    "wsn430-28.rocquencourt.iot-lab.info": "cbb1", 
    "wsn430-29.rocquencourt.iot-lab.info": "b200", 
    "wsn430-3.rocquencourt.iot-lab.info": "c30a", 
    "wsn430-30.rocquencourt.iot-lab.info": "c2f0", 
    "wsn430-31.rocquencourt.iot-lab.info": "caa2", 
    "wsn430-32.rocquencourt.iot-lab.info": "b131", 
    "wsn430-33.rocquencourt.iot-lab.info": "bb85", 
    "wsn430-34.rocquencourt.iot-lab.info": "b658", 
    "wsn430-35.rocquencourt.iot-lab.info": "b7ec", 
    "wsn430-36.rocquencourt.iot-lab.info": "ce07", 
    "wsn430-37.rocquencourt.iot-lab.info": "c496", 
    "wsn430-39.rocquencourt.iot-lab.info": "c6ae", 
    "wsn430-4.rocquencourt.iot-lab.info": "bc8d", 
    "wsn430-41.rocquencourt.iot-lab.info": "c07e", 
    "wsn430-42.rocquencourt.iot-lab.info": "1c10", 
    "wsn430-44.rocquencourt.iot-lab.info": "b33c", 
    "wsn430-45.rocquencourt.iot-lab.info": "c820", 
    "wsn430-46.rocquencourt.iot-lab.info": "2c1c", 
    "wsn430-47.rocquencourt.iot-lab.info": "bde8", 
    "wsn430-48.rocquencourt.iot-lab.info": "7ba4", 
    "wsn430-49.rocquencourt.iot-lab.info": "1c16", 
    "wsn430-5.rocquencourt.iot-lab.info": "cdb5", 
    "wsn430-50.rocquencourt.iot-lab.info": "c852", 
    "wsn430-51.rocquencourt.iot-lab.info": "cd8c", 
    "wsn430-52.rocquencourt.iot-lab.info": "c7a1", 
    "wsn430-53.rocquencourt.iot-lab.info": "ce69", 
    "wsn430-54.rocquencourt.iot-lab.info": "c16e", 
    "wsn430-55.rocquencourt.iot-lab.info": "c652", 
    "wsn430-56.rocquencourt.iot-lab.info": "b7de", 
    "wsn430-57.rocquencourt.iot-lab.info": "c80e", 
    "wsn430-58.rocquencourt.iot-lab.info": "bb58", 
    "wsn430-59.rocquencourt.iot-lab.info": "c575", 
    "wsn430-61.rocquencourt.iot-lab.info": "b0f0", 
    "wsn430-63.rocquencourt.iot-lab.info": "b77b", 
    "wsn430-64.rocquencourt.iot-lab.info": "4847", 
    "wsn430-65.rocquencourt.iot-lab.info": "b5ec", 
    "wsn430-66.rocquencourt.iot-lab.info": "ba16", 
    "wsn430-68.rocquencourt.iot-lab.info": "c8f2", 
    "wsn430-69.rocquencourt.iot-lab.info": "be39", 
    "wsn430-7.rocquencourt.iot-lab.info": "1ce2", 
    "wsn430-70.rocquencourt.iot-lab.info": "5349", 
    "wsn430-71.rocquencourt.iot-lab.info": "c5dc", 
    "wsn430-72.rocquencourt.iot-lab.info": "be0d", 
    "wsn430-73.rocquencourt.iot-lab.info": "bdfa", 
    "wsn430-74.rocquencourt.iot-lab.info": "bdac", 
    "wsn430-75.rocquencourt.iot-lab.info": "bb16", 
    "wsn430-77.rocquencourt.iot-lab.info": "1cac", 
    "wsn430-78.rocquencourt.iot-lab.info": "80e1", 
    "wsn430-79.rocquencourt.iot-lab.info": "b0a7", 
    "wsn430-8.rocquencourt.iot-lab.info": "c517", 
    "wsn430-80.rocquencourt.iot-lab.info": "c2c0", 
    "wsn430-81.rocquencourt.iot-lab.info": "1bf7", 
    "wsn430-85.rocquencourt.iot-lab.info": "ca3b", 
    "wsn430-87.rocquencourt.iot-lab.info": "c97b", 
    "wsn430-88.rocquencourt.iot-lab.info": "cd3d", 
    "wsn430-89.rocquencourt.iot-lab.info": "cb27", 
    "wsn430-9.rocquencourt.iot-lab.info": "9671", 
    "wsn430-91.rocquencourt.iot-lab.info": "c68c", 
    "wsn430-92.rocquencourt.iot-lab.info": "a50a", 
    "wsn430-93.rocquencourt.iot-lab.info": "b908", 
    "wsn430-96.rocquencourt.iot-lab.info": "318d", 
    "wsn430-99.rocquencourt.iot-lab.info": "b27f"
}